row_id,sample_id,path,folder,origin,family,split,sample_label,label,operator,edge_cases,line,handle,resource_call,resource_type,scope,class_name,verdict,exposure,leaking_path_fraction,escapes_return,escapes_self_attr,escapes_container,escapes_call_arg,callee_closes_param,close_present_but_unguarded,in_loop,raising_call_between,reassigned_before_close,resource_type_weight,is_test_or_script_file,is_async_resource,callee_name_suggests_close
GEN-0001#5:handle,GEN-0001,dataset/mutated_code/generated/M3_insert_early_return/mutant_0001.py,mutated_code,generated,synth:try_finally,val,1,1,M3_insert_early_return,EC-CF-01|EC-CF-02,5,handle,open,FILE,ingest_file_text,,DEFINITE_LEAK,1.0,0.333333,0.0,0.0,0.0,0.0,0.0,0.0,0.0,1.0,0.0,1.0,0.0,0.0,0.0
GEN-0002#5:handle,GEN-0002,dataset/mutated_code/generated/M3_insert_early_return/mutant_0002.py,mutated_code,generated,synth:try_finally,val,1,1,M3_insert_early_return,EC-CF-01|EC-CF-02,5,handle,open,FILE,billing_file_text,,DEFINITE_LEAK,1.0,0.333333,0.0,0.0,0.0,0.0,0.0,0.0,0.0,1.0,0.0,1.0,0.0,0.0,0.0
GEN-0003#7:handle,GEN-0003,dataset/mutated_code/generated/M3_insert_early_return/mutant_0003.py,mutated_code,generated,synth:try_finally,val,1,1,M3_insert_early_return,EC-CF-01|EC-CF-02,7,handle,io.open,FILE,ingest_file_binary,,DEFINITE_LEAK,1.0,0.333333,0.0,0.0,0.0,0.0,0.0,0.0,0.0,1.0,0.0,1.0,0.0,0.0,0.0
GEN-0004#7:handle,GEN-0004,dataset/mutated_code/generated/M3_insert_early_return/mutant_0004.py,mutated_code,generated,synth:try_finally,val,1,1,M3_insert_early_return,EC-CF-01|EC-CF-02,7,handle,io.open,FILE,billing_file_binary,,DEFINITE_LEAK,1.0,0.333333,0.0,0.0,0.0,0.0,0.0,0.0,0.0,1.0,0.0,1.0,0.0,0.0,0.0
GEN-0005#7:handle,GEN-0005,dataset/mutated_code/generated/M4_close_into_try/mutant_0005.py,mutated_code,generated,synth:try_finally,val,1,1,M4_close_into_try,EC-CF-09|EC-CF-12,7,handle,codecs.open,FILE,ingest_file_codecs,,DEFINITE_LEAK,1.0,1.0,0.0,0.0,0.0,0.0,0.0,0.0,0.0,1.0,0.0,1.0,0.0,0.0,0.0
GEN-0006#7:handle,GEN-0006,dataset/mutated_code/generated/M4_close_into_try/mutant_0006.py,mutated_code,generated,synth:try_finally,val,1,1,M4_close_into_try,EC-CF-09|EC-CF-12,7,handle,codecs.open,FILE,billing_file_codecs,,DEFINITE_LEAK,1.0,1.0,0.0,0.0,0.0,0.0,0.0,0.0,0.0,1.0,0.0,1.0,0.0,0.0,0.0
GEN-0007#7:handle,GEN-0007,dataset/mutated_code/generated/M4_close_into_try/mutant_0007.py,mutated_code,generated,synth:try_finally,val,1,1,M4_close_into_try,EC-CF-09|EC-CF-12,7,handle,gzip.open,FILE,ingest_file_gzip,,DEFINITE_LEAK,1.0,1.0,0.0,0.0,0.0,0.0,0.0,0.0,0.0,1.0,0.0,1.0,0.0,0.0,0.0
GEN-0008#7:handle,GEN-0008,dataset/mutated_code/generated/M4_close_into_try/mutant_0008.py,mutated_code,generated,synth:try_finally,val,1,1,M4_close_into_try,EC-CF-09|EC-CF-12,7,handle,gzip.open,FILE,billing_file_gzip,,DEFINITE_LEAK,1.0,1.0,0.0,0.0,0.0,0.0,0.0,0.0,0.0,1.0,0.0,1.0,0.0,0.0,0.0
GEN-0009#7:handle,GEN-0009,dataset/mutated_code/generated/M3_insert_early_return/mutant_0009.py,mutated_code,generated,synth:try_finally,val,1,1,M3_insert_early_return,EC-CF-01|EC-CF-02,7,handle,tempfile.NamedTemporaryFile,FILE,ingest_file_temp,,DEFINITE_LEAK,1.0,0.333333,0.0,0.0,0.0,0.0,0.0,0.0,0.0,1.0,0.0,1.0,0.0,0.0,0.0
GEN-0010#7:handle,GEN-0010,dataset/mutated_code/generated/M3_insert_early_return/mutant_0010.py,mutated_code,generated,synth:try_finally,val,1,1,M3_insert_early_return,EC-CF-01|EC-CF-02,7,handle,tempfile.NamedTemporaryFile,FILE,billing_file_temp,,DEFINITE_LEAK,1.0,0.333333,0.0,0.0,0.0,0.0,0.0,0.0,0.0,1.0,0.0,1.0,0.0,0.0,0.0
GEN-0011#7:archive,GEN-0011,dataset/mutated_code/generated/M4_close_into_try/mutant_0011.py,mutated_code,generated,synth:try_finally,val,1,1,M4_close_into_try,EC-CF-09|EC-CF-12,7,archive,zipfile.ZipFile,FILE,ingest_file_zip,,DEFINITE_LEAK,1.0,1.0,0.0,0.0,0.0,0.0,0.0,0.0,0.0,1.0,0.0,1.0,0.0,0.0,0.0
GEN-0012#7:archive,GEN-0012,dataset/mutated_code/generated/M4_close_into_try/mutant_0012.py,mutated_code,generated,synth:try_finally,val,1,1,M4_close_into_try,EC-CF-09|EC-CF-12,7,archive,zipfile.ZipFile,FILE,billing_file_zip,,DEFINITE_LEAK,1.0,1.0,0.0,0.0,0.0,0.0,0.0,0.0,0.0,1.0,0.0,1.0,0.0,0.0,0.0
GEN-0013#7:shelf,GEN-0013,dataset/mutated_code/generated/M4_close_into_try/mutant_0013.py,mutated_code,generated,synth:try_finally,val,1,1,M4_close_into_try,EC-CF-09|EC-CF-12,7,shelf,shelve.open,FILE,ingest_file_shelf,,DEFINITE_LEAK,1.0,1.0,0.0,0.0,0.0,0.0,0.0,0.0,0.0,1.0,0.0,1.0,0.0,0.0,0.0
GEN-0014#7:shelf,GEN-0014,dataset/mutated_code/generated/M4_close_into_try/mutant_0014.py,mutated_code,generated,synth:try_finally,val,1,1,M4_close_into_try,EC-CF-09|EC-CF-12,7,shelf,shelve.open,FILE,billing_file_shelf,,DEFINITE_LEAK,1.0,1.0,0.0,0.0,0.0,0.0,0.0,0.0,0.0,1.0,0.0,1.0,0.0,0.0,0.0
GEN-0015#7:archive,GEN-0015,dataset/mutated_code/generated/M4_close_into_try/mutant_0015.py,mutated_code,generated,synth:try_finally,val,1,1,M4_close_into_try,EC-CF-09|EC-CF-12,7,archive,tarfile.open,FILE,ingest_file_tar,,DEFINITE_LEAK,1.0,1.0,0.0,0.0,0.0,0.0,0.0,0.0,0.0,1.0,0.0,1.0,0.0,0.0,0.0
GEN-0016#7:archive,GEN-0016,dataset/mutated_code/generated/M4_close_into_try/mutant_0016.py,mutated_code,generated,synth:try_finally,val,1,1,M4_close_into_try,EC-CF-09|EC-CF-12,7,archive,tarfile.open,FILE,billing_file_tar,,DEFINITE_LEAK,1.0,1.0,0.0,0.0,0.0,0.0,0.0,0.0,0.0,1.0,0.0,1.0,0.0,0.0,0.0
GEN-0017#7:connection,GEN-0017,dataset/mutated_code/generated/M3_insert_early_return/mutant_0017.py,mutated_code,generated,synth:try_finally,val,1,1,M3_insert_early_return,EC-CF-01|EC-CF-02,7,connection,socket.socket,SOCKET,ingest_socket_raw,,DEFINITE_LEAK,2.0,0.333333,0.0,0.0,0.0,0.0,0.0,0.0,0.0,1.0,0.0,2.0,0.0,0.0,0.0
GEN-0018#7:connection,GEN-0018,dataset/mutated_code/generated/M3_insert_early_return/mutant_0018.py,mutated_code,generated,synth:try_finally,val,1,1,M3_insert_early_return,EC-CF-01|EC-CF-02,7,connection,socket.socket,SOCKET,billing_socket_raw,,DEFINITE_LEAK,2.0,0.333333,0.0,0.0,0.0,0.0,0.0,0.0,0.0,1.0,0.0,2.0,0.0,0.0,0.0
GEN-0019#7:connection,GEN-0019,dataset/mutated_code/generated/M3_insert_early_return/mutant_0019.py,mutated_code,generated,synth:try_finally,val,1,1,M3_insert_early_return,EC-CF-01|EC-CF-02,7,connection,socket.create_connection,SOCKET,ingest_socket_connect,,DEFINITE_LEAK,2.0,0.333333,0.0,0.0,0.0,0.0,0.0,0.0,0.0,1.0,0.0,2.0,0.0,0.0,0.0
GEN-0020#7:connection,GEN-0020,dataset/mutated_code/generated/M3_insert_early_return/mutant_0020.py,mutated_code,generated,synth:try_finally,val,1,1,M3_insert_early_return,EC-CF-01|EC-CF-02,7,connection,socket.create_connection,SOCKET,billing_socket_connect,,DEFINITE_LEAK,2.0,0.333333,0.0,0.0,0.0,0.0,0.0,0.0,0.0,1.0,0.0,2.0,0.0,0.0,0.0
GEN-0021#7:connection,GEN-0021,dataset/mutated_code/generated/M4_close_into_try/mutant_0021.py,mutated_code,generated,synth:try_finally,val,1,1,M4_close_into_try,EC-CF-09|EC-CF-12,7,connection,http.client.HTTPSConnection,SOCKET,ingest_http_conn,,DEFINITE_LEAK,2.0,1.0,0.0,0.0,0.0,0.0,0.0,0.0,0.0,1.0,0.0,2.0,0.0,0.0,0.0
GEN-0022#7:connection,GEN-0022,dataset/mutated_code/generated/M4_close_into_try/mutant_0022.py,mutated_code,generated,synth:try_finally,val,1,1,M4_close_into_try,EC-CF-09|EC-CF-12,7,connection,http.client.HTTPSConnection,SOCKET,billing_http_conn,,DEFINITE_LEAK,2.0,1.0,0.0,0.0,0.0,0.0,0.0,0.0,0.0,1.0,0.0,2.0,0.0,0.0,0.0
GEN-0023#7:response,GEN-0023,dataset/mutated_code/generated/M4_close_into_try/mutant_0023.py,mutated_code,generated,synth:try_finally,val,1,1,M4_close_into_try,EC-CF-09|EC-CF-12,7,response,urllib.request.urlopen,SOCKET,ingest_urlopen,,DEFINITE_LEAK,2.0,1.0,0.0,0.0,0.0,0.0,0.0,0.0,0.0,1.0,0.0,2.0,0.0,0.0,0.0
GEN-0024#7:response,GEN-0024,dataset/mutated_code/generated/M4_close_into_try/mutant_0024.py,mutated_code,generated,synth:try_finally,val,1,1,M4_close_into_try,EC-CF-09|EC-CF-12,7,response,urllib.request.urlopen,SOCKET,billing_urlopen,,DEFINITE_LEAK,2.0,1.0,0.0,0.0,0.0,0.0,0.0,0.0,0.0,1.0,0.0,2.0,0.0,0.0,0.0
GEN-0025#7:session,GEN-0025,dataset/mutated_code/generated/M3_insert_early_return/mutant_0025.py,mutated_code,generated,synth:try_finally,val,1,1,M3_insert_early_return,EC-CF-01|EC-CF-02,7,session,requests.Session,SESSION,ingest_session,,DEFINITE_LEAK,1.5,0.333333,0.0,0.0,0.0,0.0,0.0,0.0,0.0,1.0,0.0,1.5,0.0,0.0,0.0
GEN-0026#7:session,GEN-0026,dataset/mutated_code/generated/M3_insert_early_return/mutant_0026.py,mutated_code,generated,synth:try_finally,val,1,1,M3_insert_early_return,EC-CF-01|EC-CF-02,7,session,requests.Session,SESSION,billing_session,,DEFINITE_LEAK,1.5,0.333333,0.0,0.0,0.0,0.0,0.0,0.0,0.0,1.0,0.0,1.5,0.0,0.0,0.0
GEN-0027#7:client,GEN-0027,dataset/mutated_code/generated/M4_close_into_try/mutant_0027.py,mutated_code,generated,synth:try_finally,val,1,1,M4_close_into_try,EC-CF-09|EC-CF-12,7,client,ftplib.FTP,SOCKET,ingest_ftp,,DEFINITE_LEAK,2.0,1.0,0.0,0.0,0.0,0.0,0.0,0.0,0.0,1.0,0.0,2.0,0.0,0.0,0.0
GEN-0028#7:client,GEN-0028,dataset/mutated_code/generated/M4_close_into_try/mutant_0028.py,mutated_code,generated,synth:try_finally,val,1,1,M4_close_into_try,EC-CF-09|EC-CF-12,7,client,ftplib.FTP,SOCKET,billing_ftp,,DEFINITE_LEAK,2.0,1.0,0.0,0.0,0.0,0.0,0.0,0.0,0.0,1.0,0.0,2.0,0.0,0.0,0.0
GEN-0029#7:client,GEN-0029,dataset/mutated_code/generated/M4_close_into_try/mutant_0029.py,mutated_code,generated,synth:try_finally,val,1,1,M4_close_into_try,EC-CF-09|EC-CF-12,7,client,smtplib.SMTP,SOCKET,ingest_smtp,,DEFINITE_LEAK,2.0,1.0,0.0,0.0,0.0,0.0,0.0,0.0,0.0,1.0,0.0,2.0,0.0,0.0,0.0
GEN-0030#7:client,GEN-0030,dataset/mutated_code/generated/M4_close_into_try/mutant_0030.py,mutated_code,generated,synth:try_finally,val,1,1,M4_close_into_try,EC-CF-09|EC-CF-12,7,client,smtplib.SMTP,SOCKET,billing_smtp,,DEFINITE_LEAK,2.0,1.0,0.0,0.0,0.0,0.0,0.0,0.0,0.0,1.0,0.0,2.0,0.0,0.0,0.0
GEN-0031#7:connection,GEN-0031,dataset/mutated_code/generated/M3_insert_early_return/mutant_0031.py,mutated_code,generated,synth:try_finally,val,1,1,M3_insert_early_return,EC-CF-01|EC-CF-02,7,connection,sqlite3.connect,DB,ingest_sqlite,,DEFINITE_LEAK,3.0,0.333333,0.0,0.0,0.0,0.0,0.0,0.0,0.0,1.0,0.0,3.0,0.0,0.0,0.0
GEN-0032#7:connection,GEN-0032,dataset/mutated_code/generated/M3_insert_early_return/mutant_0032.py,mutated_code,generated,synth:try_finally,val,1,1,M3_insert_early_return,EC-CF-01|EC-CF-02,7,connection,sqlite3.connect,DB,billing_sqlite,,DEFINITE_LEAK,3.0,0.333333,0.0,0.0,0.0,0.0,0.0,0.0,0.0,1.0,0.0,3.0,0.0,0.0,0.0
GEN-0033#7:connection,GEN-0033,dataset/mutated_code/generated/M3_insert_early_return/mutant_0033.py,mutated_code,generated,synth:try_finally,val,1,1,M3_insert_early_return,EC-CF-01|EC-CF-02,7,connection,psycopg2.connect,DB,ingest_postgres,,DEFINITE_LEAK,3.0,0.333333,0.0,0.0,0.0,0.0,0.0,0.0,0.0,1.0,0.0,3.0,0.0,0.0,0.0
GEN-0034#7:connection,GEN-0034,dataset/mutated_code/generated/M3_insert_early_return/mutant_0034.py,mutated_code,generated,synth:try_finally,val,1,1,M3_insert_early_return,EC-CF-01|EC-CF-02,7,connection,psycopg2.connect,DB,billing_postgres,,DEFINITE_LEAK,3.0,0.333333,0.0,0.0,0.0,0.0,0.0,0.0,0.0,1.0,0.0,3.0,0.0,0.0,0.0
GEN-0035#7:connection,GEN-0035,dataset/mutated_code/generated/M4_close_into_try/mutant_0035.py,mutated_code,generated,synth:try_finally,val,1,1,M4_close_into_try,EC-CF-09|EC-CF-12,7,connection,pymysql.connect,DB,ingest_mysql,,DEFINITE_LEAK,3.0,1.0,0.0,0.0,0.0,0.0,0.0,0.0,0.0,1.0,0.0,3.0,0.0,0.0,0.0
GEN-0036#7:connection,GEN-0036,dataset/mutated_code/generated/M4_close_into_try/mutant_0036.py,mutated_code,generated,synth:try_finally,val,1,1,M4_close_into_try,EC-CF-09|EC-CF-12,7,connection,pymysql.connect,DB,billing_mysql,,DEFINITE_LEAK,3.0,1.0,0.0,0.0,0.0,0.0,0.0,0.0,0.0,1.0,0.0,3.0,0.0,0.0,0.0
GEN-0037#7:client,GEN-0037,dataset/mutated_code/generated/M4_close_into_try/mutant_0037.py,mutated_code,generated,synth:try_finally,val,1,1,M4_close_into_try,EC-CF-09|EC-CF-12,7,client,redis.Redis,DB,ingest_redis_client,,DEFINITE_LEAK,2.5,1.0,0.0,0.0,0.0,0.0,0.0,0.0,0.0,1.0,0.0,2.5,0.0,0.0,0.0
GEN-0038#7:client,GEN-0038,dataset/mutated_code/generated/M4_close_into_try/mutant_0038.py,mutated_code,generated,synth:try_finally,val,1,1,M4_close_into_try,EC-CF-09|EC-CF-12,7,client,redis.Redis,DB,billing_redis_client,,DEFINITE_LEAK,2.5,1.0,0.0,0.0,0.0,0.0,0.0,0.0,0.0,1.0,0.0,2.5,0.0,0.0,0.0
GEN-0039#7:client,GEN-0039,dataset/mutated_code/generated/M4_close_into_try/mutant_0039.py,mutated_code,generated,synth:try_finally,val,1,1,M4_close_into_try,EC-CF-09|EC-CF-12,7,client,pymongo.MongoClient,DB,ingest_mongo,,DEFINITE_LEAK,3.0,1.0,0.0,0.0,0.0,0.0,0.0,0.0,0.0,1.0,0.0,3.0,0.0,0.0,0.0
GEN-0040#7:client,GEN-0040,dataset/mutated_code/generated/M4_close_into_try/mutant_0040.py,mutated_code,generated,synth:try_finally,val,1,1,M4_close_into_try,EC-CF-09|EC-CF-12,7,client,pymongo.MongoClient,DB,billing_mongo,,DEFINITE_LEAK,3.0,1.0,0.0,0.0,0.0,0.0,0.0,0.0,0.0,1.0,0.0,3.0,0.0,0.0,0.0
GEN-0041#7:process,GEN-0041,dataset/mutated_code/generated/M13_finally_to_pass/mutant_0041.py,mutated_code,generated,synth:try_finally,val,1,1,M13_finally_to_pass,EC-CF-12,7,process,subprocess.Popen,PROCESS,ingest_subprocess_popen,,DEFINITE_LEAK,2.5,1.0,0.0,0.0,0.0,0.0,0.0,0.0,0.0,1.0,0.0,2.5,0.0,0.0,0.0
GEN-0042#7:process,GEN-0042,dataset/mutated_code/generated/M13_finally_to_pass/mutant_0042.py,mutated_code,generated,synth:try_finally,val,1,1,M13_finally_to_pass,EC-CF-12,7,process,subprocess.Popen,PROCESS,billing_subprocess_popen,,DEFINITE_LEAK,2.5,1.0,0.0,0.0,0.0,0.0,0.0,0.0,0.0,1.0,0.0,2.5,0.0,0.0,0.0
GEN-0043#7:pool,GEN-0043,dataset/mutated_code/generated/M13_finally_to_pass/mutant_0043.py,mutated_code,generated,synth:try_finally,val,1,1,M13_finally_to_pass,EC-CF-12,7,pool,multiprocessing.Pool,POOL,ingest_process_pool,,DEFINITE_LEAK,2.5,1.0,0.0,0.0,0.0,0.0,0.0,0.0,0.0,0.0,0.0,2.5,0.0,0.0,0.0
GEN-0044#7:pool,GEN-0044,dataset/mutated_code/generated/M13_finally_to_pass/mutant_0044.py,mutated_code,generated,synth:try_finally,val,1,1,M13_finally_to_pass,EC-CF-12,7,pool,multiprocessing.Pool,POOL,billing_process_pool,,DEFINITE_LEAK,2.5,1.0,0.0,0.0,0.0,0.0,0.0,0.0,0.0,0.0,0.0,2.5,0.0,0.0,0.0
GEN-0045#7:pool,GEN-0045,dataset/mutated_code/generated/M13_finally_to_pass/mutant_0045.py,mutated_code,generated,synth:try_finally,val,1,1,M13_finally_to_pass,EC-CF-12,7,pool,concurrent.futures.ThreadPoolExecutor,POOL,ingest_thread_pool,,DEFINITE_LEAK,2.5,1.0,0.0,0.0,0.0,0.0,0.0,0.0,0.0,0.0,0.0,2.5,0.0,0.0,0.0
GEN-0046#7:pool,GEN-0046,dataset/mutated_code/generated/M13_finally_to_pass/mutant_0046.py,mutated_code,generated,synth:try_finally,val,1,1,M13_finally_to_pass,EC-CF-12,7,pool,concurrent.futures.ThreadPoolExecutor,POOL,billing_thread_pool,,DEFINITE_LEAK,2.5,1.0,0.0,0.0,0.0,0.0,0.0,0.0,0.0,0.0,0.0,2.5,0.0,0.0,0.0
GEN-0047#8:connection,GEN-0047,dataset/mutated_code/generated/M14_ctx_manager_swap/mutant_0047.py,mutated_code,generated,synth:closing_wrapper,train,1,1,M14_ctx_manager_swap,EC-DB-01|EC-CTX-10,8,connection,sqlite3.connect,DB,ingest_sqlite,,DEFINITE_LEAK,3.0,1.0,0.0,0.0,0.0,0.0,0.0,0.0,0.0,1.0,0.0,3.0,0.0,0.0,0.0
GEN-0048#8:connection,GEN-0048,dataset/mutated_code/generated/M14_ctx_manager_swap/mutant_0048.py,mutated_code,generated,synth:closing_wrapper,train,1,1,M14_ctx_manager_swap,EC-DB-01|EC-CTX-10,8,connection,sqlite3.connect,DB,billing_sqlite,,DEFINITE_LEAK,3.0,1.0,0.0,0.0,0.0,0.0,0.0,0.0,0.0,1.0,0.0,3.0,0.0,0.0,0.0
GEN-0049#7:handle,GEN-0049,dataset/mutated_code/generated/M3_insert_early_return/mutant_0049.py,mutated_code,generated,synth:try_except_finally,train,1,1,M3_insert_early_return,EC-CF-01|EC-CF-02,7,handle,open,FILE,ingest_file_text,,DEFINITE_LEAK,1.0,0.25,0.0,0.0,0.0,0.0,0.0,0.0,0.0,1.0,0.0,1.0,0.0,0.0,0.0
GEN-0050#7:handle,GEN-0050,dataset/mutated_code/generated/M3_insert_early_return/mutant_0050.py,mutated_code,generated,synth:try_except_finally,train,1,1,M3_insert_early_return,EC-CF-01|EC-CF-02,7,handle,open,FILE,billing_file_text,,DEFINITE_LEAK,1.0,0.25,0.0,0.0,0.0,0.0,0.0,0.0,0.0,1.0,0.0,1.0,0.0,0.0,0.0
GEN-0051#8:handle,GEN-0051,dataset/mutated_code/generated/M3_insert_early_return/mutant_0051.py,mutated_code,generated,synth:try_except_finally,train,1,1,M3_insert_early_return,EC-CF-01|EC-CF-02,8,handle,io.open,FILE,ingest_file_binary,,DEFINITE_LEAK,1.0,0.25,0.0,0.0,0.0,0.0,0.0,0.0,0.0,1.0,0.0,1.0,0.0,0.0,0.0
GEN-0052#8:handle,GEN-0052,dataset/mutated_code/generated/M3_insert_early_return/mutant_0052.py,mutated_code,generated,synth:try_except_finally,train,1,1,M3_insert_early_return,EC-CF-01|EC-CF-02,8,handle,io.open,FILE,billing_file_binary,,DEFINITE_LEAK,1.0,0.25,0.0,0.0,0.0,0.0,0.0,0.0,0.0,1.0,0.0,1.0,0.0,0.0,0.0
GEN-0053#8:handle,GEN-0053,dataset/mutated_code/generated/M4_close_into_try/mutant_0053.py,mutated_code,generated,synth:try_except_finally,train,1,1,M4_close_into_try,EC-CF-09|EC-CF-12,8,handle,codecs.open,FILE,ingest_file_codecs,,DEFINITE_LEAK,1.0,1.0,0.0,0.0,0.0,0.0,0.0,0.0,0.0,1.0,0.0,1.0,0.0,0.0,0.0
GEN-0054#8:handle,GEN-0054,dataset/mutated_code/generated/M4_close_into_try/mutant_0054.py,mutated_code,generated,synth:try_except_finally,train,1,1,M4_close_into_try,EC-CF-09|EC-CF-12,8,handle,codecs.open,FILE,billing_file_codecs,,DEFINITE_LEAK,1.0,1.0,0.0,0.0,0.0,0.0,0.0,0.0,0.0,1.0,0.0,1.0,0.0,0.0,0.0
GEN-0055#8:handle,GEN-0055,dataset/mutated_code/generated/M4_close_into_try/mutant_0055.py,mutated_code,generated,synth:try_except_finally,train,1,1,M4_close_into_try,EC-CF-09|EC-CF-12,8,handle,gzip.open,FILE,ingest_file_gzip,,DEFINITE_LEAK,1.0,1.0,0.0,0.0,0.0,0.0,0.0,0.0,0.0,1.0,0.0,1.0,0.0,0.0,0.0
GEN-0056#8:handle,GEN-0056,dataset/mutated_code/generated/M4_close_into_try/mutant_0056.py,mutated_code,generated,synth:try_except_finally,train,1,1,M4_close_into_try,EC-CF-09|EC-CF-12,8,handle,gzip.open,FILE,billing_file_gzip,,DEFINITE_LEAK,1.0,1.0,0.0,0.0,0.0,0.0,0.0,0.0,0.0,1.0,0.0,1.0,0.0,0.0,0.0
GEN-0057#8:handle,GEN-0057,dataset/mutated_code/generated/M3_insert_early_return/mutant_0057.py,mutated_code,generated,synth:try_except_finally,train,1,1,M3_insert_early_return,EC-CF-01|EC-CF-02,8,handle,tempfile.NamedTemporaryFile,FILE,ingest_file_temp,,DEFINITE_LEAK,1.0,0.25,0.0,0.0,0.0,0.0,0.0,0.0,0.0,1.0,0.0,1.0,0.0,0.0,0.0
GEN-0058#8:handle,GEN-0058,dataset/mutated_code/generated/M3_insert_early_return/mutant_0058.py,mutated_code,generated,synth:try_except_finally,train,1,1,M3_insert_early_return,EC-CF-01|EC-CF-02,8,handle,tempfile.NamedTemporaryFile,FILE,billing_file_temp,,DEFINITE_LEAK,1.0,0.25,0.0,0.0,0.0,0.0,0.0,0.0,0.0,1.0,0.0,1.0,0.0,0.0,0.0
GEN-0059#8:archive,GEN-0059,dataset/mutated_code/generated/M4_close_into_try/mutant_0059.py,mutated_code,generated,synth:try_except_finally,train,1,1,M4_close_into_try,EC-CF-09|EC-CF-12,8,archive,zipfile.ZipFile,FILE,ingest_file_zip,,DEFINITE_LEAK,1.0,1.0,0.0,0.0,0.0,0.0,0.0,0.0,0.0,1.0,0.0,1.0,0.0,0.0,0.0
GEN-0060#8:archive,GEN-0060,dataset/mutated_code/generated/M4_close_into_try/mutant_0060.py,mutated_code,generated,synth:try_except_finally,train,1,1,M4_close_into_try,EC-CF-09|EC-CF-12,8,archive,zipfile.ZipFile,FILE,billing_file_zip,,DEFINITE_LEAK,1.0,1.0,0.0,0.0,0.0,0.0,0.0,0.0,0.0,1.0,0.0,1.0,0.0,0.0,0.0
GEN-0061#8:shelf,GEN-0061,dataset/mutated_code/generated/M4_close_into_try/mutant_0061.py,mutated_code,generated,synth:try_except_finally,train,1,1,M4_close_into_try,EC-CF-09|EC-CF-12,8,shelf,shelve.open,FILE,ingest_file_shelf,,DEFINITE_LEAK,1.0,1.0,0.0,0.0,0.0,0.0,0.0,0.0,0.0,1.0,0.0,1.0,0.0,0.0,0.0
GEN-0062#8:shelf,GEN-0062,dataset/mutated_code/generated/M4_close_into_try/mutant_0062.py,mutated_code,generated,synth:try_except_finally,train,1,1,M4_close_into_try,EC-CF-09|EC-CF-12,8,shelf,shelve.open,FILE,billing_file_shelf,,DEFINITE_LEAK,1.0,1.0,0.0,0.0,0.0,0.0,0.0,0.0,0.0,1.0,0.0,1.0,0.0,0.0,0.0
GEN-0063#8:archive,GEN-0063,dataset/mutated_code/generated/M4_close_into_try/mutant_0063.py,mutated_code,generated,synth:try_except_finally,train,1,1,M4_close_into_try,EC-CF-09|EC-CF-12,8,archive,tarfile.open,FILE,ingest_file_tar,,DEFINITE_LEAK,1.0,1.0,0.0,0.0,0.0,0.0,0.0,0.0,0.0,1.0,0.0,1.0,0.0,0.0,0.0
GEN-0064#8:archive,GEN-0064,dataset/mutated_code/generated/M4_close_into_try/mutant_0064.py,mutated_code,generated,synth:try_except_finally,train,1,1,M4_close_into_try,EC-CF-09|EC-CF-12,8,archive,tarfile.open,FILE,billing_file_tar,,DEFINITE_LEAK,1.0,1.0,0.0,0.0,0.0,0.0,0.0,0.0,0.0,1.0,0.0,1.0,0.0,0.0,0.0
GEN-0065#8:connection,GEN-0065,dataset/mutated_code/generated/M3_insert_early_return/mutant_0065.py,mutated_code,generated,synth:try_except_finally,train,1,1,M3_insert_early_return,EC-CF-01|EC-CF-02,8,connection,socket.socket,SOCKET,ingest_socket_raw,,DEFINITE_LEAK,2.0,0.25,0.0,0.0,0.0,0.0,0.0,0.0,0.0,1.0,0.0,2.0,0.0,0.0,0.0
GEN-0066#8:connection,GEN-0066,dataset/mutated_code/generated/M3_insert_early_return/mutant_0066.py,mutated_code,generated,synth:try_except_finally,train,1,1,M3_insert_early_return,EC-CF-01|EC-CF-02,8,connection,socket.socket,SOCKET,billing_socket_raw,,DEFINITE_LEAK,2.0,0.25,0.0,0.0,0.0,0.0,0.0,0.0,0.0,1.0,0.0,2.0,0.0,0.0,0.0
GEN-0067#8:connection,GEN-0067,dataset/mutated_code/generated/M3_insert_early_return/mutant_0067.py,mutated_code,generated,synth:try_except_finally,train,1,1,M3_insert_early_return,EC-CF-01|EC-CF-02,8,connection,socket.create_connection,SOCKET,ingest_socket_connect,,DEFINITE_LEAK,2.0,0.25,0.0,0.0,0.0,0.0,0.0,0.0,0.0,1.0,0.0,2.0,0.0,0.0,0.0
GEN-0068#8:connection,GEN-0068,dataset/mutated_code/generated/M3_insert_early_return/mutant_0068.py,mutated_code,generated,synth:try_except_finally,train,1,1,M3_insert_early_return,EC-CF-01|EC-CF-02,8,connection,socket.create_connection,SOCKET,billing_socket_connect,,DEFINITE_LEAK,2.0,0.25,0.0,0.0,0.0,0.0,0.0,0.0,0.0,1.0,0.0,2.0,0.0,0.0,0.0
GEN-0069#8:connection,GEN-0069,dataset/mutated_code/generated/M4_close_into_try/mutant_0069.py,mutated_code,generated,synth:try_except_finally,train,1,1,M4_close_into_try,EC-CF-09|EC-CF-12,8,connection,http.client.HTTPSConnection,SOCKET,ingest_http_conn,,DEFINITE_LEAK,2.0,1.0,0.0,0.0,0.0,0.0,0.0,0.0,0.0,1.0,0.0,2.0,0.0,0.0,0.0
GEN-0070#8:connection,GEN-0070,dataset/mutated_code/generated/M4_close_into_try/mutant_0070.py,mutated_code,generated,synth:try_except_finally,train,1,1,M4_close_into_try,EC-CF-09|EC-CF-12,8,connection,http.client.HTTPSConnection,SOCKET,billing_http_conn,,DEFINITE_LEAK,2.0,1.0,0.0,0.0,0.0,0.0,0.0,0.0,0.0,1.0,0.0,2.0,0.0,0.0,0.0
GEN-0071#8:response,GEN-0071,dataset/mutated_code/generated/M4_close_into_try/mutant_0071.py,mutated_code,generated,synth:try_except_finally,train,1,1,M4_close_into_try,EC-CF-09|EC-CF-12,8,response,urllib.request.urlopen,SOCKET,ingest_urlopen,,DEFINITE_LEAK,2.0,1.0,0.0,0.0,0.0,0.0,0.0,0.0,0.0,1.0,0.0,2.0,0.0,0.0,0.0
GEN-0072#8:response,GEN-0072,dataset/mutated_code/generated/M4_close_into_try/mutant_0072.py,mutated_code,generated,synth:try_except_finally,train,1,1,M4_close_into_try,EC-CF-09|EC-CF-12,8,response,urllib.request.urlopen,SOCKET,billing_urlopen,,DEFINITE_LEAK,2.0,1.0,0.0,0.0,0.0,0.0,0.0,0.0,0.0,1.0,0.0,2.0,0.0,0.0,0.0
GEN-0073#8:session,GEN-0073,dataset/mutated_code/generated/M3_insert_early_return/mutant_0073.py,mutated_code,generated,synth:try_except_finally,train,1,1,M3_insert_early_return,EC-CF-01|EC-CF-02,8,session,requests.Session,SESSION,ingest_session,,DEFINITE_LEAK,1.5,0.25,0.0,0.0,0.0,0.0,0.0,0.0,0.0,1.0,0.0,1.5,0.0,0.0,0.0
GEN-0074#8:session,GEN-0074,dataset/mutated_code/generated/M3_insert_early_return/mutant_0074.py,mutated_code,generated,synth:try_except_finally,train,1,1,M3_insert_early_return,EC-CF-01|EC-CF-02,8,session,requests.Session,SESSION,billing_session,,DEFINITE_LEAK,1.5,0.25,0.0,0.0,0.0,0.0,0.0,0.0,0.0,1.0,0.0,1.5,0.0,0.0,0.0
GEN-0075#8:client,GEN-0075,dataset/mutated_code/generated/M4_close_into_try/mutant_0075.py,mutated_code,generated,synth:try_except_finally,train,1,1,M4_close_into_try,EC-CF-09|EC-CF-12,8,client,ftplib.FTP,SOCKET,ingest_ftp,,DEFINITE_LEAK,2.0,1.0,0.0,0.0,0.0,0.0,0.0,0.0,0.0,1.0,0.0,2.0,0.0,0.0,0.0
GEN-0076#8:client,GEN-0076,dataset/mutated_code/generated/M4_close_into_try/mutant_0076.py,mutated_code,generated,synth:try_except_finally,train,1,1,M4_close_into_try,EC-CF-09|EC-CF-12,8,client,ftplib.FTP,SOCKET,billing_ftp,,DEFINITE_LEAK,2.0,1.0,0.0,0.0,0.0,0.0,0.0,0.0,0.0,1.0,0.0,2.0,0.0,0.0,0.0
GEN-0077#8:client,GEN-0077,dataset/mutated_code/generated/M4_close_into_try/mutant_0077.py,mutated_code,generated,synth:try_except_finally,train,1,1,M4_close_into_try,EC-CF-09|EC-CF-12,8,client,smtplib.SMTP,SOCKET,ingest_smtp,,DEFINITE_LEAK,2.0,1.0,0.0,0.0,0.0,0.0,0.0,0.0,0.0,1.0,0.0,2.0,0.0,0.0,0.0
GEN-0078#8:client,GEN-0078,dataset/mutated_code/generated/M4_close_into_try/mutant_0078.py,mutated_code,generated,synth:try_except_finally,train,1,1,M4_close_into_try,EC-CF-09|EC-CF-12,8,client,smtplib.SMTP,SOCKET,billing_smtp,,DEFINITE_LEAK,2.0,1.0,0.0,0.0,0.0,0.0,0.0,0.0,0.0,1.0,0.0,2.0,0.0,0.0,0.0
GEN-0079#8:connection,GEN-0079,dataset/mutated_code/generated/M3_insert_early_return/mutant_0079.py,mutated_code,generated,synth:try_except_finally,train,1,1,M3_insert_early_return,EC-CF-01|EC-CF-02,8,connection,sqlite3.connect,DB,ingest_sqlite,,DEFINITE_LEAK,3.0,0.25,0.0,0.0,0.0,0.0,0.0,0.0,0.0,1.0,0.0,3.0,0.0,0.0,0.0
GEN-0080#8:connection,GEN-0080,dataset/mutated_code/generated/M3_insert_early_return/mutant_0080.py,mutated_code,generated,synth:try_except_finally,train,1,1,M3_insert_early_return,EC-CF-01|EC-CF-02,8,connection,sqlite3.connect,DB,billing_sqlite,,DEFINITE_LEAK,3.0,0.25,0.0,0.0,0.0,0.0,0.0,0.0,0.0,1.0,0.0,3.0,0.0,0.0,0.0
GEN-0081#8:connection,GEN-0081,dataset/mutated_code/generated/M3_insert_early_return/mutant_0081.py,mutated_code,generated,synth:try_except_finally,train,1,1,M3_insert_early_return,EC-CF-01|EC-CF-02,8,connection,psycopg2.connect,DB,ingest_postgres,,DEFINITE_LEAK,3.0,0.25,0.0,0.0,0.0,0.0,0.0,0.0,0.0,1.0,0.0,3.0,0.0,0.0,0.0
GEN-0082#8:connection,GEN-0082,dataset/mutated_code/generated/M3_insert_early_return/mutant_0082.py,mutated_code,generated,synth:try_except_finally,train,1,1,M3_insert_early_return,EC-CF-01|EC-CF-02,8,connection,psycopg2.connect,DB,billing_postgres,,DEFINITE_LEAK,3.0,0.25,0.0,0.0,0.0,0.0,0.0,0.0,0.0,1.0,0.0,3.0,0.0,0.0,0.0
GEN-0083#8:connection,GEN-0083,dataset/mutated_code/generated/M4_close_into_try/mutant_0083.py,mutated_code,generated,synth:try_except_finally,train,1,1,M4_close_into_try,EC-CF-09|EC-CF-12,8,connection,pymysql.connect,DB,ingest_mysql,,DEFINITE_LEAK,3.0,1.0,0.0,0.0,0.0,0.0,0.0,0.0,0.0,1.0,0.0,3.0,0.0,0.0,0.0
GEN-0084#8:connection,GEN-0084,dataset/mutated_code/generated/M4_close_into_try/mutant_0084.py,mutated_code,generated,synth:try_except_finally,train,1,1,M4_close_into_try,EC-CF-09|EC-CF-12,8,connection,pymysql.connect,DB,billing_mysql,,DEFINITE_LEAK,3.0,1.0,0.0,0.0,0.0,0.0,0.0,0.0,0.0,1.0,0.0,3.0,0.0,0.0,0.0
GEN-0085#8:client,GEN-0085,dataset/mutated_code/generated/M4_close_into_try/mutant_0085.py,mutated_code,generated,synth:try_except_finally,train,1,1,M4_close_into_try,EC-CF-09|EC-CF-12,8,client,redis.Redis,DB,ingest_redis_client,,DEFINITE_LEAK,2.5,1.0,0.0,0.0,0.0,0.0,0.0,0.0,0.0,1.0,0.0,2.5,0.0,0.0,0.0
GEN-0086#8:client,GEN-0086,dataset/mutated_code/generated/M4_close_into_try/mutant_0086.py,mutated_code,generated,synth:try_except_finally,train,1,1,M4_close_into_try,EC-CF-09|EC-CF-12,8,client,redis.Redis,DB,billing_redis_client,,DEFINITE_LEAK,2.5,1.0,0.0,0.0,0.0,0.0,0.0,0.0,0.0,1.0,0.0,2.5,0.0,0.0,0.0
GEN-0087#8:client,GEN-0087,dataset/mutated_code/generated/M4_close_into_try/mutant_0087.py,mutated_code,generated,synth:try_except_finally,train,1,1,M4_close_into_try,EC-CF-09|EC-CF-12,8,client,pymongo.MongoClient,DB,ingest_mongo,,DEFINITE_LEAK,3.0,1.0,0.0,0.0,0.0,0.0,0.0,0.0,0.0,1.0,0.0,3.0,0.0,0.0,0.0
GEN-0088#8:client,GEN-0088,dataset/mutated_code/generated/M4_close_into_try/mutant_0088.py,mutated_code,generated,synth:try_except_finally,train,1,1,M4_close_into_try,EC-CF-09|EC-CF-12,8,client,pymongo.MongoClient,DB,billing_mongo,,DEFINITE_LEAK,3.0,1.0,0.0,0.0,0.0,0.0,0.0,0.0,0.0,1.0,0.0,3.0,0.0,0.0,0.0
GEN-0089#8:process,GEN-0089,dataset/mutated_code/generated/M13_finally_to_pass/mutant_0089.py,mutated_code,generated,synth:try_except_finally,train,1,1,M13_finally_to_pass,EC-CF-12,8,process,subprocess.Popen,PROCESS,ingest_subprocess_popen,,DEFINITE_LEAK,2.5,1.0,0.0,0.0,0.0,0.0,0.0,0.0,0.0,1.0,0.0,2.5,0.0,0.0,0.0
GEN-0090#8:process,GEN-0090,dataset/mutated_code/generated/M13_finally_to_pass/mutant_0090.py,mutated_code,generated,synth:try_except_finally,train,1,1,M13_finally_to_pass,EC-CF-12,8,process,subprocess.Popen,PROCESS,billing_subprocess_popen,,DEFINITE_LEAK,2.5,1.0,0.0,0.0,0.0,0.0,0.0,0.0,0.0,1.0,0.0,2.5,0.0,0.0,0.0
GEN-0091#8:pool,GEN-0091,dataset/mutated_code/generated/M13_finally_to_pass/mutant_0091.py,mutated_code,generated,synth:try_except_finally,train,1,1,M13_finally_to_pass,EC-CF-12,8,pool,multiprocessing.Pool,POOL,ingest_process_pool,,DEFINITE_LEAK,2.5,1.0,0.0,0.0,0.0,0.0,0.0,0.0,0.0,0.0,0.0,2.5,0.0,0.0,0.0
GEN-0092#8:pool,GEN-0092,dataset/mutated_code/generated/M13_finally_to_pass/mutant_0092.py,mutated_code,generated,synth:try_except_finally,train,1,1,M13_finally_to_pass,EC-CF-12,8,pool,multiprocessing.Pool,POOL,billing_process_pool,,DEFINITE_LEAK,2.5,1.0,0.0,0.0,0.0,0.0,0.0,0.0,0.0,0.0,0.0,2.5,0.0,0.0,0.0
GEN-0093#8:pool,GEN-0093,dataset/mutated_code/generated/M13_finally_to_pass/mutant_0093.py,mutated_code,generated,synth:try_except_finally,train,1,1,M13_finally_to_pass,EC-CF-12,8,pool,concurrent.futures.ThreadPoolExecutor,POOL,ingest_thread_pool,,DEFINITE_LEAK,2.5,1.0,0.0,0.0,0.0,0.0,0.0,0.0,0.0,0.0,0.0,2.5,0.0,0.0,0.0
GEN-0094#8:pool,GEN-0094,dataset/mutated_code/generated/M13_finally_to_pass/mutant_0094.py,mutated_code,generated,synth:try_except_finally,train,1,1,M13_finally_to_pass,EC-CF-12,8,pool,concurrent.futures.ThreadPoolExecutor,POOL,billing_thread_pool,,DEFINITE_LEAK,2.5,1.0,0.0,0.0,0.0,0.0,0.0,0.0,0.0,0.0,0.0,2.5,0.0,0.0,0.0
GEN-0095#5:handle,GEN-0095,dataset/mutated_code/generated/M2_delete_branch_close/mutant_0095.py,mutated_code,generated,synth:both_branches_closed,train,1,1,M2_delete_branch_close,EC-CF-03|EC-CF-21,5,handle,open,FILE,ingest_file_text,,DEFINITE_LEAK,1.0,1.0,0.0,0.0,0.0,0.0,0.0,0.0,0.0,1.0,0.0,1.0,0.0,0.0,0.0
GEN-0096#5:handle,GEN-0096,dataset/mutated_code/generated/M2_delete_branch_close/mutant_0096.py,mutated_code,generated,synth:both_branches_closed,train,1,1,M2_delete_branch_close,EC-CF-03|EC-CF-21,5,handle,open,FILE,billing_file_text,,DEFINITE_LEAK,1.0,1.0,0.0,0.0,0.0,0.0,0.0,0.0,0.0,1.0,0.0,1.0,0.0,0.0,0.0
GEN-0097#7:handle,GEN-0097,dataset/mutated_code/generated/M2_delete_branch_close/mutant_0097.py,mutated_code,generated,synth:both_branches_closed,train,1,1,M2_delete_branch_close,EC-CF-03|EC-CF-21,7,handle,io.open,FILE,ingest_file_binary,,DEFINITE_LEAK,1.0,1.0,0.0,0.0,0.0,0.0,0.0,0.0,0.0,1.0,0.0,1.0,0.0,0.0,0.0
GEN-0098#7:handle,GEN-0098,dataset/mutated_code/generated/M2_delete_branch_close/mutant_0098.py,mutated_code,generated,synth:both_branches_closed,train,1,1,M2_delete_branch_close,EC-CF-03|EC-CF-21,7,handle,io.open,FILE,billing_file_binary,,DEFINITE_LEAK,1.0,1.0,0.0,0.0,0.0,0.0,0.0,0.0,0.0,1.0,0.0,1.0,0.0,0.0,0.0
GEN-0099#7:handle,GEN-0099,dataset/mutated_code/generated/M2_delete_branch_close/mutant_0099.py,mutated_code,generated,synth:both_branches_closed,train,1,1,M2_delete_branch_close,EC-CF-03|EC-CF-21,7,handle,codecs.open,FILE,ingest_file_codecs,,DEFINITE_LEAK,1.0,1.0,0.0,0.0,0.0,0.0,0.0,0.0,0.0,1.0,0.0,1.0,0.0,0.0,0.0
GEN-0100#7:handle,GEN-0100,dataset/mutated_code/generated/M2_delete_branch_close/mutant_0100.py,mutated_code,generated,synth:both_branches_closed,train,1,1,M2_delete_branch_close,EC-CF-03|EC-CF-21,7,handle,codecs.open,FILE,billing_file_codecs,,DEFINITE_LEAK,1.0,1.0,0.0,0.0,0.0,0.0,0.0,0.0,0.0,1.0,0.0,1.0,0.0,0.0,0.0
GEN-0101#7:handle,GEN-0101,dataset/mutated_code/generated/M2_delete_branch_close/mutant_0101.py,mutated_code,generated,synth:both_branches_closed,train,1,1,M2_delete_branch_close,EC-CF-03|EC-CF-21,7,handle,gzip.open,FILE,ingest_file_gzip,,DEFINITE_LEAK,1.0,1.0,0.0,0.0,0.0,0.0,0.0,0.0,0.0,1.0,0.0,1.0,0.0,0.0,0.0
GEN-0102#7:handle,GEN-0102,dataset/mutated_code/generated/M2_delete_branch_close/mutant_0102.py,mutated_code,generated,synth:both_branches_closed,train,1,1,M2_delete_branch_close,EC-CF-03|EC-CF-21,7,handle,gzip.open,FILE,billing_file_gzip,,DEFINITE_LEAK,1.0,1.0,0.0,0.0,0.0,0.0,0.0,0.0,0.0,1.0,0.0,1.0,0.0,0.0,0.0
GEN-0103#7:handle,GEN-0103,dataset/mutated_code/generated/M2_delete_branch_close/mutant_0103.py,mutated_code,generated,synth:both_branches_closed,train,1,1,M2_delete_branch_close,EC-CF-03|EC-CF-21,7,handle,tempfile.NamedTemporaryFile,FILE,ingest_file_temp,,DEFINITE_LEAK,1.0,1.0,0.0,0.0,0.0,0.0,0.0,0.0,0.0,1.0,0.0,1.0,0.0,0.0,0.0
GEN-0104#7:handle,GEN-0104,dataset/mutated_code/generated/M2_delete_branch_close/mutant_0104.py,mutated_code,generated,synth:both_branches_closed,train,1,1,M2_delete_branch_close,EC-CF-03|EC-CF-21,7,handle,tempfile.NamedTemporaryFile,FILE,billing_file_temp,,DEFINITE_LEAK,1.0,1.0,0.0,0.0,0.0,0.0,0.0,0.0,0.0,1.0,0.0,1.0,0.0,0.0,0.0
GEN-0105#7:archive,GEN-0105,dataset/mutated_code/generated/M2_delete_branch_close/mutant_0105.py,mutated_code,generated,synth:both_branches_closed,train,1,1,M2_delete_branch_close,EC-CF-03|EC-CF-21,7,archive,zipfile.ZipFile,FILE,ingest_file_zip,,DEFINITE_LEAK,1.0,1.0,0.0,0.0,0.0,0.0,0.0,0.0,0.0,1.0,0.0,1.0,0.0,0.0,0.0
GEN-0106#7:archive,GEN-0106,dataset/mutated_code/generated/M2_delete_branch_close/mutant_0106.py,mutated_code,generated,synth:both_branches_closed,train,1,1,M2_delete_branch_close,EC-CF-03|EC-CF-21,7,archive,zipfile.ZipFile,FILE,billing_file_zip,,DEFINITE_LEAK,1.0,1.0,0.0,0.0,0.0,0.0,0.0,0.0,0.0,1.0,0.0,1.0,0.0,0.0,0.0
GEN-0107#7:shelf,GEN-0107,dataset/mutated_code/generated/M2_delete_branch_close/mutant_0107.py,mutated_code,generated,synth:both_branches_closed,train,1,1,M2_delete_branch_close,EC-CF-03|EC-CF-21,7,shelf,shelve.open,FILE,ingest_file_shelf,,DEFINITE_LEAK,1.0,1.0,0.0,0.0,0.0,0.0,0.0,0.0,0.0,1.0,0.0,1.0,0.0,0.0,0.0
GEN-0108#7:shelf,GEN-0108,dataset/mutated_code/generated/M2_delete_branch_close/mutant_0108.py,mutated_code,generated,synth:both_branches_closed,train,1,1,M2_delete_branch_close,EC-CF-03|EC-CF-21,7,shelf,shelve.open,FILE,billing_file_shelf,,DEFINITE_LEAK,1.0,1.0,0.0,0.0,0.0,0.0,0.0,0.0,0.0,1.0,0.0,1.0,0.0,0.0,0.0
GEN-0109#7:archive,GEN-0109,dataset/mutated_code/generated/M2_delete_branch_close/mutant_0109.py,mutated_code,generated,synth:both_branches_closed,train,1,1,M2_delete_branch_close,EC-CF-03|EC-CF-21,7,archive,tarfile.open,FILE,ingest_file_tar,,DEFINITE_LEAK,1.0,1.0,0.0,0.0,0.0,0.0,0.0,0.0,0.0,1.0,0.0,1.0,0.0,0.0,0.0
GEN-0110#7:archive,GEN-0110,dataset/mutated_code/generated/M2_delete_branch_close/mutant_0110.py,mutated_code,generated,synth:both_branches_closed,train,1,1,M2_delete_branch_close,EC-CF-03|EC-CF-21,7,archive,tarfile.open,FILE,billing_file_tar,,DEFINITE_LEAK,1.0,1.0,0.0,0.0,0.0,0.0,0.0,0.0,0.0,1.0,0.0,1.0,0.0,0.0,0.0
GEN-0111#7:connection,GEN-0111,dataset/mutated_code/generated/M2_delete_branch_close/mutant_0111.py,mutated_code,generated,synth:both_branches_closed,train,1,1,M2_delete_branch_close,EC-CF-03|EC-CF-21,7,connection,socket.socket,SOCKET,ingest_socket_raw,,DEFINITE_LEAK,2.0,1.0,0.0,0.0,0.0,0.0,0.0,0.0,0.0,1.0,0.0,2.0,0.0,0.0,0.0
GEN-0112#7:connection,GEN-0112,dataset/mutated_code/generated/M2_delete_branch_close/mutant_0112.py,mutated_code,generated,synth:both_branches_closed,train,1,1,M2_delete_branch_close,EC-CF-03|EC-CF-21,7,connection,socket.socket,SOCKET,billing_socket_raw,,DEFINITE_LEAK,2.0,1.0,0.0,0.0,0.0,0.0,0.0,0.0,0.0,1.0,0.0,2.0,0.0,0.0,0.0
GEN-0113#7:connection,GEN-0113,dataset/mutated_code/generated/M2_delete_branch_close/mutant_0113.py,mutated_code,generated,synth:both_branches_closed,train,1,1,M2_delete_branch_close,EC-CF-03|EC-CF-21,7,connection,socket.create_connection,SOCKET,ingest_socket_connect,,DEFINITE_LEAK,2.0,1.0,0.0,0.0,0.0,0.0,0.0,0.0,0.0,1.0,0.0,2.0,0.0,0.0,0.0
GEN-0114#7:connection,GEN-0114,dataset/mutated_code/generated/M2_delete_branch_close/mutant_0114.py,mutated_code,generated,synth:both_branches_closed,train,1,1,M2_delete_branch_close,EC-CF-03|EC-CF-21,7,connection,socket.create_connection,SOCKET,billing_socket_connect,,DEFINITE_LEAK,2.0,1.0,0.0,0.0,0.0,0.0,0.0,0.0,0.0,1.0,0.0,2.0,0.0,0.0,0.0
GEN-0115#7:connection,GEN-0115,dataset/mutated_code/generated/M2_delete_branch_close/mutant_0115.py,mutated_code,generated,synth:both_branches_closed,train,1,1,M2_delete_branch_close,EC-CF-03|EC-CF-21,7,connection,http.client.HTTPSConnection,SOCKET,ingest_http_conn,,DEFINITE_LEAK,2.0,1.0,0.0,0.0,0.0,0.0,0.0,0.0,0.0,1.0,0.0,2.0,0.0,0.0,0.0
GEN-0116#7:connection,GEN-0116,dataset/mutated_code/generated/M2_delete_branch_close/mutant_0116.py,mutated_code,generated,synth:both_branches_closed,train,1,1,M2_delete_branch_close,EC-CF-03|EC-CF-21,7,connection,http.client.HTTPSConnection,SOCKET,billing_http_conn,,DEFINITE_LEAK,2.0,1.0,0.0,0.0,0.0,0.0,0.0,0.0,0.0,1.0,0.0,2.0,0.0,0.0,0.0
GEN-0117#7:response,GEN-0117,dataset/mutated_code/generated/M2_delete_branch_close/mutant_0117.py,mutated_code,generated,synth:both_branches_closed,train,1,1,M2_delete_branch_close,EC-CF-03|EC-CF-21,7,response,urllib.request.urlopen,SOCKET,ingest_urlopen,,DEFINITE_LEAK,2.0,1.0,0.0,0.0,0.0,0.0,0.0,0.0,0.0,1.0,0.0,2.0,0.0,0.0,0.0
GEN-0118#7:response,GEN-0118,dataset/mutated_code/generated/M2_delete_branch_close/mutant_0118.py,mutated_code,generated,synth:both_branches_closed,train,1,1,M2_delete_branch_close,EC-CF-03|EC-CF-21,7,response,urllib.request.urlopen,SOCKET,billing_urlopen,,DEFINITE_LEAK,2.0,1.0,0.0,0.0,0.0,0.0,0.0,0.0,0.0,1.0,0.0,2.0,0.0,0.0,0.0
GEN-0119#7:session,GEN-0119,dataset/mutated_code/generated/M2_delete_branch_close/mutant_0119.py,mutated_code,generated,synth:both_branches_closed,train,1,1,M2_delete_branch_close,EC-CF-03|EC-CF-21,7,session,requests.Session,SESSION,ingest_session,,DEFINITE_LEAK,1.5,1.0,0.0,0.0,0.0,0.0,0.0,0.0,0.0,1.0,0.0,1.5,0.0,0.0,0.0
GEN-0120#7:session,GEN-0120,dataset/mutated_code/generated/M2_delete_branch_close/mutant_0120.py,mutated_code,generated,synth:both_branches_closed,train,1,1,M2_delete_branch_close,EC-CF-03|EC-CF-21,7,session,requests.Session,SESSION,billing_session,,DEFINITE_LEAK,1.5,1.0,0.0,0.0,0.0,0.0,0.0,0.0,0.0,1.0,0.0,1.5,0.0,0.0,0.0
GEN-0121#7:client,GEN-0121,dataset/mutated_code/generated/M2_delete_branch_close/mutant_0121.py,mutated_code,generated,synth:both_branches_closed,train,1,1,M2_delete_branch_close,EC-CF-03|EC-CF-21,7,client,ftplib.FTP,SOCKET,ingest_ftp,,DEFINITE_LEAK,2.0,1.0,0.0,0.0,0.0,0.0,0.0,0.0,0.0,1.0,0.0,2.0,0.0,0.0,0.0
GEN-0122#7:client,GEN-0122,dataset/mutated_code/generated/M2_delete_branch_close/mutant_0122.py,mutated_code,generated,synth:both_branches_closed,train,1,1,M2_delete_branch_close,EC-CF-03|EC-CF-21,7,client,ftplib.FTP,SOCKET,billing_ftp,,DEFINITE_LEAK,2.0,1.0,0.0,0.0,0.0,0.0,0.0,0.0,0.0,1.0,0.0,2.0,0.0,0.0,0.0
GEN-0123#7:client,GEN-0123,dataset/mutated_code/generated/M2_delete_branch_close/mutant_0123.py,mutated_code,generated,synth:both_branches_closed,train,1,1,M2_delete_branch_close,EC-CF-03|EC-CF-21,7,client,smtplib.SMTP,SOCKET,ingest_smtp,,DEFINITE_LEAK,2.0,1.0,0.0,0.0,0.0,0.0,0.0,0.0,0.0,1.0,0.0,2.0,0.0,0.0,0.0
GEN-0124#7:client,GEN-0124,dataset/mutated_code/generated/M2_delete_branch_close/mutant_0124.py,mutated_code,generated,synth:both_branches_closed,train,1,1,M2_delete_branch_close,EC-CF-03|EC-CF-21,7,client,smtplib.SMTP,SOCKET,billing_smtp,,DEFINITE_LEAK,2.0,1.0,0.0,0.0,0.0,0.0,0.0,0.0,0.0,1.0,0.0,2.0,0.0,0.0,0.0
GEN-0125#7:connection,GEN-0125,dataset/mutated_code/generated/M2_delete_branch_close/mutant_0125.py,mutated_code,generated,synth:both_branches_closed,train,1,1,M2_delete_branch_close,EC-CF-03|EC-CF-21,7,connection,sqlite3.connect,DB,ingest_sqlite,,DEFINITE_LEAK,3.0,1.0,0.0,0.0,0.0,0.0,0.0,0.0,0.0,1.0,0.0,3.0,0.0,0.0,0.0
GEN-0126#7:connection,GEN-0126,dataset/mutated_code/generated/M2_delete_branch_close/mutant_0126.py,mutated_code,generated,synth:both_branches_closed,train,1,1,M2_delete_branch_close,EC-CF-03|EC-CF-21,7,connection,sqlite3.connect,DB,billing_sqlite,,DEFINITE_LEAK,3.0,1.0,0.0,0.0,0.0,0.0,0.0,0.0,0.0,1.0,0.0,3.0,0.0,0.0,0.0
GEN-0127#7:connection,GEN-0127,dataset/mutated_code/generated/M2_delete_branch_close/mutant_0127.py,mutated_code,generated,synth:both_branches_closed,train,1,1,M2_delete_branch_close,EC-CF-03|EC-CF-21,7,connection,psycopg2.connect,DB,ingest_postgres,,DEFINITE_LEAK,3.0,1.0,0.0,0.0,0.0,0.0,0.0,0.0,0.0,1.0,0.0,3.0,0.0,0.0,0.0
GEN-0128#7:connection,GEN-0128,dataset/mutated_code/generated/M2_delete_branch_close/mutant_0128.py,mutated_code,generated,synth:both_branches_closed,train,1,1,M2_delete_branch_close,EC-CF-03|EC-CF-21,7,connection,psycopg2.connect,DB,billing_postgres,,DEFINITE_LEAK,3.0,1.0,0.0,0.0,0.0,0.0,0.0,0.0,0.0,1.0,0.0,3.0,0.0,0.0,0.0
GEN-0129#7:connection,GEN-0129,dataset/mutated_code/generated/M2_delete_branch_close/mutant_0129.py,mutated_code,generated,synth:both_branches_closed,train,1,1,M2_delete_branch_close,EC-CF-03|EC-CF-21,7,connection,pymysql.connect,DB,ingest_mysql,,DEFINITE_LEAK,3.0,1.0,0.0,0.0,0.0,0.0,0.0,0.0,0.0,1.0,0.0,3.0,0.0,0.0,0.0
GEN-0130#7:connection,GEN-0130,dataset/mutated_code/generated/M2_delete_branch_close/mutant_0130.py,mutated_code,generated,synth:both_branches_closed,train,1,1,M2_delete_branch_close,EC-CF-03|EC-CF-21,7,connection,pymysql.connect,DB,billing_mysql,,DEFINITE_LEAK,3.0,1.0,0.0,0.0,0.0,0.0,0.0,0.0,0.0,1.0,0.0,3.0,0.0,0.0,0.0
GEN-0131#7:client,GEN-0131,dataset/mutated_code/generated/M2_delete_branch_close/mutant_0131.py,mutated_code,generated,synth:both_branches_closed,train,1,1,M2_delete_branch_close,EC-CF-03|EC-CF-21,7,client,redis.Redis,DB,ingest_redis_client,,DEFINITE_LEAK,2.5,1.0,0.0,0.0,0.0,0.0,0.0,0.0,0.0,1.0,0.0,2.5,0.0,0.0,0.0
GEN-0132#7:client,GEN-0132,dataset/mutated_code/generated/M2_delete_branch_close/mutant_0132.py,mutated_code,generated,synth:both_branches_closed,train,1,1,M2_delete_branch_close,EC-CF-03|EC-CF-21,7,client,redis.Redis,DB,billing_redis_client,,DEFINITE_LEAK,2.5,1.0,0.0,0.0,0.0,0.0,0.0,0.0,0.0,1.0,0.0,2.5,0.0,0.0,0.0
GEN-0133#7:client,GEN-0133,dataset/mutated_code/generated/M2_delete_branch_close/mutant_0133.py,mutated_code,generated,synth:both_branches_closed,train,1,1,M2_delete_branch_close,EC-CF-03|EC-CF-21,7,client,pymongo.MongoClient,DB,ingest_mongo,,DEFINITE_LEAK,3.0,1.0,0.0,0.0,0.0,0.0,0.0,0.0,0.0,1.0,0.0,3.0,0.0,0.0,0.0
GEN-0134#7:client,GEN-0134,dataset/mutated_code/generated/M2_delete_branch_close/mutant_0134.py,mutated_code,generated,synth:both_branches_closed,train,1,1,M2_delete_branch_close,EC-CF-03|EC-CF-21,7,client,pymongo.MongoClient,DB,billing_mongo,,DEFINITE_LEAK,3.0,1.0,0.0,0.0,0.0,0.0,0.0,0.0,0.0,1.0,0.0,3.0,0.0,0.0,0.0
GEN-0135#7:process,GEN-0135,dataset/mutated_code/generated/M13_finally_to_pass/mutant_0135.py,mutated_code,generated,synth:both_branches_closed,train,1,1,M13_finally_to_pass,EC-CF-12,7,process,subprocess.Popen,PROCESS,ingest_subprocess_popen,,DEFINITE_LEAK,2.5,1.0,0.0,0.0,0.0,0.0,0.0,0.0,0.0,1.0,0.0,2.5,0.0,0.0,0.0
GEN-0136#7:process,GEN-0136,dataset/mutated_code/generated/M13_finally_to_pass/mutant_0136.py,mutated_code,generated,synth:both_branches_closed,train,1,1,M13_finally_to_pass,EC-CF-12,7,process,subprocess.Popen,PROCESS,billing_subprocess_popen,,DEFINITE_LEAK,2.5,1.0,0.0,0.0,0.0,0.0,0.0,0.0,0.0,1.0,0.0,2.5,0.0,0.0,0.0
GEN-0137#7:pool,GEN-0137,dataset/mutated_code/generated/M13_finally_to_pass/mutant_0137.py,mutated_code,generated,synth:both_branches_closed,train,1,1,M13_finally_to_pass,EC-CF-12,7,pool,multiprocessing.Pool,POOL,ingest_process_pool,,DEFINITE_LEAK,2.5,1.0,0.0,0.0,0.0,0.0,0.0,0.0,0.0,0.0,0.0,2.5,0.0,0.0,0.0
GEN-0138#7:pool,GEN-0138,dataset/mutated_code/generated/M13_finally_to_pass/mutant_0138.py,mutated_code,generated,synth:both_branches_closed,train,1,1,M13_finally_to_pass,EC-CF-12,7,pool,multiprocessing.Pool,POOL,billing_process_pool,,DEFINITE_LEAK,2.5,1.0,0.0,0.0,0.0,0.0,0.0,0.0,0.0,0.0,0.0,2.5,0.0,0.0,0.0
GEN-0139#7:pool,GEN-0139,dataset/mutated_code/generated/M2_delete_branch_close/mutant_0139.py,mutated_code,generated,synth:both_branches_closed,train,1,1,M2_delete_branch_close,EC-CF-03|EC-CF-21,7,pool,concurrent.futures.ThreadPoolExecutor,POOL,ingest_thread_pool,,DEFINITE_LEAK,2.5,1.0,0.0,0.0,0.0,0.0,0.0,0.0,0.0,0.0,0.0,2.5,0.0,0.0,0.0
GEN-0140#7:pool,GEN-0140,dataset/mutated_code/generated/M2_delete_branch_close/mutant_0140.py,mutated_code,generated,synth:both_branches_closed,train,1,1,M2_delete_branch_close,EC-CF-03|EC-CF-21,7,pool,concurrent.futures.ThreadPoolExecutor,POOL,billing_thread_pool,,DEFINITE_LEAK,2.5,1.0,0.0,0.0,0.0,0.0,0.0,0.0,0.0,0.0,0.0,2.5,0.0,0.0,0.0
GEN-0141#5:handle,GEN-0141,dataset/mutated_code/generated/M2_delete_branch_close/mutant_0141.py,mutated_code,generated,synth:early_return_closed,test,1,1,M2_delete_branch_close,EC-CF-03|EC-CF-21,5,handle,open,FILE,ingest_file_text,,DEFINITE_LEAK,1.0,0.666667,0.0,0.0,0.0,0.0,0.0,1.0,0.0,1.0,0.0,1.0,0.0,0.0,0.0
GEN-0142#5:handle,GEN-0142,dataset/mutated_code/generated/M2_delete_branch_close/mutant_0142.py,mutated_code,generated,synth:early_return_closed,test,1,1,M2_delete_branch_close,EC-CF-03|EC-CF-21,5,handle,open,FILE,billing_file_text,,DEFINITE_LEAK,1.0,0.666667,0.0,0.0,0.0,0.0,0.0,1.0,0.0,1.0,0.0,1.0,0.0,0.0,0.0
GEN-0143#7:handle,GEN-0143,dataset/mutated_code/generated/M2_delete_branch_close/mutant_0143.py,mutated_code,generated,synth:early_return_closed,test,1,1,M2_delete_branch_close,EC-CF-03|EC-CF-21,7,handle,io.open,FILE,ingest_file_binary,,DEFINITE_LEAK,1.0,0.666667,0.0,0.0,0.0,0.0,0.0,1.0,0.0,1.0,0.0,1.0,0.0,0.0,0.0
GEN-0144#7:handle,GEN-0144,dataset/mutated_code/generated/M2_delete_branch_close/mutant_0144.py,mutated_code,generated,synth:early_return_closed,test,1,1,M2_delete_branch_close,EC-CF-03|EC-CF-21,7,handle,io.open,FILE,billing_file_binary,,DEFINITE_LEAK,1.0,0.666667,0.0,0.0,0.0,0.0,0.0,1.0,0.0,1.0,0.0,1.0,0.0,0.0,0.0
GEN-0145#7:handle,GEN-0145,dataset/mutated_code/generated/M2_delete_branch_close/mutant_0145.py,mutated_code,generated,synth:early_return_closed,test,1,1,M2_delete_branch_close,EC-CF-03|EC-CF-21,7,handle,codecs.open,FILE,ingest_file_codecs,,DEFINITE_LEAK,1.0,0.666667,0.0,0.0,0.0,0.0,0.0,1.0,0.0,1.0,0.0,1.0,0.0,0.0,0.0
GEN-0146#7:handle,GEN-0146,dataset/mutated_code/generated/M2_delete_branch_close/mutant_0146.py,mutated_code,generated,synth:early_return_closed,test,1,1,M2_delete_branch_close,EC-CF-03|EC-CF-21,7,handle,codecs.open,FILE,billing_file_codecs,,DEFINITE_LEAK,1.0,0.666667,0.0,0.0,0.0,0.0,0.0,1.0,0.0,1.0,0.0,1.0,0.0,0.0,0.0
GEN-0147#7:handle,GEN-0147,dataset/mutated_code/generated/M2_delete_branch_close/mutant_0147.py,mutated_code,generated,synth:early_return_closed,test,1,1,M2_delete_branch_close,EC-CF-03|EC-CF-21,7,handle,gzip.open,FILE,ingest_file_gzip,,DEFINITE_LEAK,1.0,0.666667,0.0,0.0,0.0,0.0,0.0,1.0,0.0,1.0,0.0,1.0,0.0,0.0,0.0
GEN-0148#7:handle,GEN-0148,dataset/mutated_code/generated/M2_delete_branch_close/mutant_0148.py,mutated_code,generated,synth:early_return_closed,test,1,1,M2_delete_branch_close,EC-CF-03|EC-CF-21,7,handle,gzip.open,FILE,billing_file_gzip,,DEFINITE_LEAK,1.0,0.666667,0.0,0.0,0.0,0.0,0.0,1.0,0.0,1.0,0.0,1.0,0.0,0.0,0.0
GEN-0149#7:handle,GEN-0149,dataset/mutated_code/generated/M2_delete_branch_close/mutant_0149.py,mutated_code,generated,synth:early_return_closed,test,1,1,M2_delete_branch_close,EC-CF-03|EC-CF-21,7,handle,tempfile.NamedTemporaryFile,FILE,ingest_file_temp,,DEFINITE_LEAK,1.0,0.666667,0.0,0.0,0.0,0.0,0.0,1.0,0.0,1.0,0.0,1.0,0.0,0.0,0.0
GEN-0150#7:handle,GEN-0150,dataset/mutated_code/generated/M2_delete_branch_close/mutant_0150.py,mutated_code,generated,synth:early_return_closed,test,1,1,M2_delete_branch_close,EC-CF-03|EC-CF-21,7,handle,tempfile.NamedTemporaryFile,FILE,billing_file_temp,,DEFINITE_LEAK,1.0,0.666667,0.0,0.0,0.0,0.0,0.0,1.0,0.0,1.0,0.0,1.0,0.0,0.0,0.0
GEN-0151#7:archive,GEN-0151,dataset/mutated_code/generated/M2_delete_branch_close/mutant_0151.py,mutated_code,generated,synth:early_return_closed,test,1,1,M2_delete_branch_close,EC-CF-03|EC-CF-21,7,archive,zipfile.ZipFile,FILE,ingest_file_zip,,DEFINITE_LEAK,1.0,0.666667,0.0,0.0,0.0,0.0,0.0,1.0,0.0,1.0,0.0,1.0,0.0,0.0,0.0
GEN-0152#7:archive,GEN-0152,dataset/mutated_code/generated/M2_delete_branch_close/mutant_0152.py,mutated_code,generated,synth:early_return_closed,test,1,1,M2_delete_branch_close,EC-CF-03|EC-CF-21,7,archive,zipfile.ZipFile,FILE,billing_file_zip,,DEFINITE_LEAK,1.0,0.666667,0.0,0.0,0.0,0.0,0.0,1.0,0.0,1.0,0.0,1.0,0.0,0.0,0.0
GEN-0153#7:shelf,GEN-0153,dataset/mutated_code/generated/M2_delete_branch_close/mutant_0153.py,mutated_code,generated,synth:early_return_closed,test,1,1,M2_delete_branch_close,EC-CF-03|EC-CF-21,7,shelf,shelve.open,FILE,ingest_file_shelf,,DEFINITE_LEAK,1.0,0.666667,0.0,0.0,0.0,0.0,0.0,1.0,0.0,1.0,0.0,1.0,0.0,0.0,0.0
GEN-0154#7:shelf,GEN-0154,dataset/mutated_code/generated/M2_delete_branch_close/mutant_0154.py,mutated_code,generated,synth:early_return_closed,test,1,1,M2_delete_branch_close,EC-CF-03|EC-CF-21,7,shelf,shelve.open,FILE,billing_file_shelf,,DEFINITE_LEAK,1.0,0.666667,0.0,0.0,0.0,0.0,0.0,1.0,0.0,1.0,0.0,1.0,0.0,0.0,0.0
GEN-0155#7:archive,GEN-0155,dataset/mutated_code/generated/M2_delete_branch_close/mutant_0155.py,mutated_code,generated,synth:early_return_closed,test,1,1,M2_delete_branch_close,EC-CF-03|EC-CF-21,7,archive,tarfile.open,FILE,ingest_file_tar,,DEFINITE_LEAK,1.0,0.666667,0.0,0.0,0.0,0.0,0.0,1.0,0.0,1.0,0.0,1.0,0.0,0.0,0.0
GEN-0156#7:archive,GEN-0156,dataset/mutated_code/generated/M2_delete_branch_close/mutant_0156.py,mutated_code,generated,synth:early_return_closed,test,1,1,M2_delete_branch_close,EC-CF-03|EC-CF-21,7,archive,tarfile.open,FILE,billing_file_tar,,DEFINITE_LEAK,1.0,0.666667,0.0,0.0,0.0,0.0,0.0,1.0,0.0,1.0,0.0,1.0,0.0,0.0,0.0
GEN-0157#7:connection,GEN-0157,dataset/mutated_code/generated/M3_insert_early_return/mutant_0157.py,mutated_code,generated,synth:early_return_closed,test,1,1,M3_insert_early_return,EC-CF-01|EC-CF-02,7,connection,socket.socket,SOCKET,ingest_socket_raw,,DEFINITE_LEAK,2.0,0.5,0.0,0.0,0.0,0.0,0.0,1.0,0.0,1.0,0.0,2.0,0.0,0.0,0.0
GEN-0158#7:connection,GEN-0158,dataset/mutated_code/generated/M3_insert_early_return/mutant_0158.py,mutated_code,generated,synth:early_return_closed,test,1,1,M3_insert_early_return,EC-CF-01|EC-CF-02,7,connection,socket.socket,SOCKET,billing_socket_raw,,DEFINITE_LEAK,2.0,0.5,0.0,0.0,0.0,0.0,0.0,1.0,0.0,1.0,0.0,2.0,0.0,0.0,0.0
GEN-0159#7:connection,GEN-0159,dataset/mutated_code/generated/M3_insert_early_return/mutant_0159.py,mutated_code,generated,synth:early_return_closed,test,1,1,M3_insert_early_return,EC-CF-01|EC-CF-02,7,connection,socket.create_connection,SOCKET,ingest_socket_connect,,DEFINITE_LEAK,2.0,0.5,0.0,0.0,0.0,0.0,0.0,1.0,0.0,1.0,0.0,2.0,0.0,0.0,0.0
GEN-0160#7:connection,GEN-0160,dataset/mutated_code/generated/M3_insert_early_return/mutant_0160.py,mutated_code,generated,synth:early_return_closed,test,1,1,M3_insert_early_return,EC-CF-01|EC-CF-02,7,connection,socket.create_connection,SOCKET,billing_socket_connect,,DEFINITE_LEAK,2.0,0.5,0.0,0.0,0.0,0.0,0.0,1.0,0.0,1.0,0.0,2.0,0.0,0.0,0.0
GEN-0161#7:session,GEN-0161,dataset/mutated_code/generated/M3_insert_early_return/mutant_0161.py,mutated_code,generated,synth:early_return_closed,test,1,1,M3_insert_early_return,EC-CF-01|EC-CF-02,7,session,requests.Session,SESSION,ingest_session,,DEFINITE_LEAK,1.5,0.5,0.0,0.0,0.0,0.0,0.0,1.0,0.0,1.0,0.0,1.5,0.0,0.0,0.0
GEN-0162#7:session,GEN-0162,dataset/mutated_code/generated/M3_insert_early_return/mutant_0162.py,mutated_code,generated,synth:early_return_closed,test,1,1,M3_insert_early_return,EC-CF-01|EC-CF-02,7,session,requests.Session,SESSION,billing_session,,DEFINITE_LEAK,1.5,0.5,0.0,0.0,0.0,0.0,0.0,1.0,0.0,1.0,0.0,1.5,0.0,0.0,0.0
GEN-0163#7:connection,GEN-0163,dataset/mutated_code/generated/M3_insert_early_return/mutant_0163.py,mutated_code,generated,synth:early_return_closed,test,1,1,M3_insert_early_return,EC-CF-01|EC-CF-02,7,connection,sqlite3.connect,DB,ingest_sqlite,,DEFINITE_LEAK,3.0,0.5,0.0,0.0,0.0,0.0,0.0,1.0,0.0,1.0,0.0,3.0,0.0,0.0,0.0
GEN-0164#7:connection,GEN-0164,dataset/mutated_code/generated/M3_insert_early_return/mutant_0164.py,mutated_code,generated,synth:early_return_closed,test,1,1,M3_insert_early_return,EC-CF-01|EC-CF-02,7,connection,sqlite3.connect,DB,billing_sqlite,,DEFINITE_LEAK,3.0,0.5,0.0,0.0,0.0,0.0,0.0,1.0,0.0,1.0,0.0,3.0,0.0,0.0,0.0
GEN-0165#7:connection,GEN-0165,dataset/mutated_code/generated/M3_insert_early_return/mutant_0165.py,mutated_code,generated,synth:early_return_closed,test,1,1,M3_insert_early_return,EC-CF-01|EC-CF-02,7,connection,psycopg2.connect,DB,ingest_postgres,,DEFINITE_LEAK,3.0,0.5,0.0,0.0,0.0,0.0,0.0,1.0,0.0,1.0,0.0,3.0,0.0,0.0,0.0
GEN-0166#7:connection,GEN-0166,dataset/mutated_code/generated/M3_insert_early_return/mutant_0166.py,mutated_code,generated,synth:early_return_closed,test,1,1,M3_insert_early_return,EC-CF-01|EC-CF-02,7,connection,psycopg2.connect,DB,billing_postgres,,DEFINITE_LEAK,3.0,0.5,0.0,0.0,0.0,0.0,0.0,1.0,0.0,1.0,0.0,3.0,0.0,0.0,0.0
GEN-0167#7:handle,GEN-0167,dataset/mutated_code/generated/M3_insert_early_return/mutant_0167.py,mutated_code,generated,synth:loop_try_finally,train,1,1,M3_insert_early_return,EC-CF-01|EC-CF-02,7,handle,open,FILE,ingest_file_text,,DEFINITE_LEAK,2.0,0.111111,0.0,0.0,0.0,0.0,0.0,0.0,1.0,1.0,0.0,1.0,0.0,0.0,0.0
GEN-0168#7:handle,GEN-0168,dataset/mutated_code/generated/M3_insert_early_return/mutant_0168.py,mutated_code,generated,synth:loop_try_finally,train,1,1,M3_insert_early_return,EC-CF-01|EC-CF-02,7,handle,open,FILE,billing_file_text,,DEFINITE_LEAK,2.0,0.111111,0.0,0.0,0.0,0.0,0.0,0.0,1.0,1.0,0.0,1.0,0.0,0.0,0.0
GEN-0169#9:handle,GEN-0169,dataset/mutated_code/generated/M3_insert_early_return/mutant_0169.py,mutated_code,generated,synth:loop_try_finally,train,1,1,M3_insert_early_return,EC-CF-01|EC-CF-02,9,handle,io.open,FILE,ingest_file_binary,,DEFINITE_LEAK,2.0,0.111111,0.0,0.0,0.0,0.0,0.0,0.0,1.0,1.0,0.0,1.0,0.0,0.0,0.0
GEN-0170#9:handle,GEN-0170,dataset/mutated_code/generated/M3_insert_early_return/mutant_0170.py,mutated_code,generated,synth:loop_try_finally,train,1,1,M3_insert_early_return,EC-CF-01|EC-CF-02,9,handle,io.open,FILE,billing_file_binary,,DEFINITE_LEAK,2.0,0.111111,0.0,0.0,0.0,0.0,0.0,0.0,1.0,1.0,0.0,1.0,0.0,0.0,0.0
GEN-0171#9:handle,GEN-0171,dataset/mutated_code/generated/M4_close_into_try/mutant_0171.py,mutated_code,generated,synth:loop_try_finally,train,1,1,M4_close_into_try,EC-CF-09|EC-CF-12,9,handle,codecs.open,FILE,ingest_file_codecs,,DEFINITE_LEAK,2.0,1.0,0.0,0.0,0.0,0.0,0.0,0.0,1.0,1.0,1.0,1.0,0.0,0.0,0.0
GEN-0172#9:handle,GEN-0172,dataset/mutated_code/generated/M4_close_into_try/mutant_0172.py,mutated_code,generated,synth:loop_try_finally,train,1,1,M4_close_into_try,EC-CF-09|EC-CF-12,9,handle,codecs.open,FILE,billing_file_codecs,,DEFINITE_LEAK,2.0,1.0,0.0,0.0,0.0,0.0,0.0,0.0,1.0,1.0,1.0,1.0,0.0,0.0,0.0
GEN-0173#9:handle,GEN-0173,dataset/mutated_code/generated/M4_close_into_try/mutant_0173.py,mutated_code,generated,synth:loop_try_finally,train,1,1,M4_close_into_try,EC-CF-09|EC-CF-12,9,handle,gzip.open,FILE,ingest_file_gzip,,DEFINITE_LEAK,2.0,1.0,0.0,0.0,0.0,0.0,0.0,0.0,1.0,1.0,1.0,1.0,0.0,0.0,0.0
GEN-0174#9:handle,GEN-0174,dataset/mutated_code/generated/M4_close_into_try/mutant_0174.py,mutated_code,generated,synth:loop_try_finally,train,1,1,M4_close_into_try,EC-CF-09|EC-CF-12,9,handle,gzip.open,FILE,billing_file_gzip,,DEFINITE_LEAK,2.0,1.0,0.0,0.0,0.0,0.0,0.0,0.0,1.0,1.0,1.0,1.0,0.0,0.0,0.0
GEN-0175#9:handle,GEN-0175,dataset/mutated_code/generated/M3_insert_early_return/mutant_0175.py,mutated_code,generated,synth:loop_try_finally,train,1,1,M3_insert_early_return,EC-CF-01|EC-CF-02,9,handle,tempfile.NamedTemporaryFile,FILE,ingest_file_temp,,DEFINITE_LEAK,2.0,0.111111,0.0,0.0,0.0,0.0,0.0,0.0,1.0,1.0,0.0,1.0,0.0,0.0,0.0
GEN-0176#9:handle,GEN-0176,dataset/mutated_code/generated/M3_insert_early_return/mutant_0176.py,mutated_code,generated,synth:loop_try_finally,train,1,1,M3_insert_early_return,EC-CF-01|EC-CF-02,9,handle,tempfile.NamedTemporaryFile,FILE,billing_file_temp,,DEFINITE_LEAK,2.0,0.111111,0.0,0.0,0.0,0.0,0.0,0.0,1.0,1.0,0.0,1.0,0.0,0.0,0.0
GEN-0177#9:archive,GEN-0177,dataset/mutated_code/generated/M4_close_into_try/mutant_0177.py,mutated_code,generated,synth:loop_try_finally,train,1,1,M4_close_into_try,EC-CF-09|EC-CF-12,9,archive,zipfile.ZipFile,FILE,ingest_file_zip,,DEFINITE_LEAK,2.0,1.0,0.0,0.0,0.0,0.0,0.0,0.0,1.0,1.0,1.0,1.0,0.0,0.0,0.0
GEN-0178#9:archive,GEN-0178,dataset/mutated_code/generated/M4_close_into_try/mutant_0178.py,mutated_code,generated,synth:loop_try_finally,train,1,1,M4_close_into_try,EC-CF-09|EC-CF-12,9,archive,zipfile.ZipFile,FILE,billing_file_zip,,DEFINITE_LEAK,2.0,1.0,0.0,0.0,0.0,0.0,0.0,0.0,1.0,1.0,1.0,1.0,0.0,0.0,0.0
GEN-0179#9:shelf,GEN-0179,dataset/mutated_code/generated/M4_close_into_try/mutant_0179.py,mutated_code,generated,synth:loop_try_finally,train,1,1,M4_close_into_try,EC-CF-09|EC-CF-12,9,shelf,shelve.open,FILE,ingest_file_shelf,,DEFINITE_LEAK,2.0,1.0,0.0,0.0,0.0,0.0,0.0,0.0,1.0,1.0,1.0,1.0,0.0,0.0,0.0
GEN-0180#9:shelf,GEN-0180,dataset/mutated_code/generated/M4_close_into_try/mutant_0180.py,mutated_code,generated,synth:loop_try_finally,train,1,1,M4_close_into_try,EC-CF-09|EC-CF-12,9,shelf,shelve.open,FILE,billing_file_shelf,,DEFINITE_LEAK,2.0,1.0,0.0,0.0,0.0,0.0,0.0,0.0,1.0,1.0,1.0,1.0,0.0,0.0,0.0
GEN-0181#9:archive,GEN-0181,dataset/mutated_code/generated/M4_close_into_try/mutant_0181.py,mutated_code,generated,synth:loop_try_finally,train,1,1,M4_close_into_try,EC-CF-09|EC-CF-12,9,archive,tarfile.open,FILE,ingest_file_tar,,DEFINITE_LEAK,2.0,1.0,0.0,0.0,0.0,0.0,0.0,0.0,1.0,1.0,1.0,1.0,0.0,0.0,0.0
GEN-0182#9:archive,GEN-0182,dataset/mutated_code/generated/M4_close_into_try/mutant_0182.py,mutated_code,generated,synth:loop_try_finally,train,1,1,M4_close_into_try,EC-CF-09|EC-CF-12,9,archive,tarfile.open,FILE,billing_file_tar,,DEFINITE_LEAK,2.0,1.0,0.0,0.0,0.0,0.0,0.0,0.0,1.0,1.0,1.0,1.0,0.0,0.0,0.0
GEN-0183#9:connection,GEN-0183,dataset/mutated_code/generated/M3_insert_early_return/mutant_0183.py,mutated_code,generated,synth:loop_try_finally,train,1,1,M3_insert_early_return,EC-CF-01|EC-CF-02,9,connection,socket.socket,SOCKET,ingest_socket_raw,,DEFINITE_LEAK,4.0,0.111111,0.0,0.0,0.0,0.0,0.0,0.0,1.0,1.0,0.0,2.0,0.0,0.0,0.0
GEN-0184#9:connection,GEN-0184,dataset/mutated_code/generated/M3_insert_early_return/mutant_0184.py,mutated_code,generated,synth:loop_try_finally,train,1,1,M3_insert_early_return,EC-CF-01|EC-CF-02,9,connection,socket.socket,SOCKET,billing_socket_raw,,DEFINITE_LEAK,4.0,0.111111,0.0,0.0,0.0,0.0,0.0,0.0,1.0,1.0,0.0,2.0,0.0,0.0,0.0
GEN-0185#9:connection,GEN-0185,dataset/mutated_code/generated/M3_insert_early_return/mutant_0185.py,mutated_code,generated,synth:loop_try_finally,train,1,1,M3_insert_early_return,EC-CF-01|EC-CF-02,9,connection,socket.create_connection,SOCKET,ingest_socket_connect,,DEFINITE_LEAK,4.0,0.111111,0.0,0.0,0.0,0.0,0.0,0.0,1.0,1.0,0.0,2.0,0.0,0.0,0.0
GEN-0186#9:connection,GEN-0186,dataset/mutated_code/generated/M3_insert_early_return/mutant_0186.py,mutated_code,generated,synth:loop_try_finally,train,1,1,M3_insert_early_return,EC-CF-01|EC-CF-02,9,connection,socket.create_connection,SOCKET,billing_socket_connect,,DEFINITE_LEAK,4.0,0.111111,0.0,0.0,0.0,0.0,0.0,0.0,1.0,1.0,0.0,2.0,0.0,0.0,0.0
GEN-0187#9:session,GEN-0187,dataset/mutated_code/generated/M3_insert_early_return/mutant_0187.py,mutated_code,generated,synth:loop_try_finally,train,1,1,M3_insert_early_return,EC-CF-01|EC-CF-02,9,session,requests.Session,SESSION,ingest_session,,DEFINITE_LEAK,3.0,0.111111,0.0,0.0,0.0,0.0,0.0,0.0,1.0,1.0,0.0,1.5,0.0,0.0,0.0
GEN-0188#9:session,GEN-0188,dataset/mutated_code/generated/M3_insert_early_return/mutant_0188.py,mutated_code,generated,synth:loop_try_finally,train,1,1,M3_insert_early_return,EC-CF-01|EC-CF-02,9,session,requests.Session,SESSION,billing_session,,DEFINITE_LEAK,3.0,0.111111,0.0,0.0,0.0,0.0,0.0,0.0,1.0,1.0,0.0,1.5,0.0,0.0,0.0
GEN-0189#9:connection,GEN-0189,dataset/mutated_code/generated/M3_insert_early_return/mutant_0189.py,mutated_code,generated,synth:loop_try_finally,train,1,1,M3_insert_early_return,EC-CF-01|EC-CF-02,9,connection,sqlite3.connect,DB,ingest_sqlite,,DEFINITE_LEAK,6.0,0.111111,0.0,0.0,0.0,0.0,0.0,0.0,1.0,1.0,0.0,3.0,0.0,0.0,0.0
GEN-0190#9:connection,GEN-0190,dataset/mutated_code/generated/M3_insert_early_return/mutant_0190.py,mutated_code,generated,synth:loop_try_finally,train,1,1,M3_insert_early_return,EC-CF-01|EC-CF-02,9,connection,sqlite3.connect,DB,billing_sqlite,,DEFINITE_LEAK,6.0,0.111111,0.0,0.0,0.0,0.0,0.0,0.0,1.0,1.0,0.0,3.0,0.0,0.0,0.0
GEN-0191#9:connection,GEN-0191,dataset/mutated_code/generated/M3_insert_early_return/mutant_0191.py,mutated_code,generated,synth:loop_try_finally,train,1,1,M3_insert_early_return,EC-CF-01|EC-CF-02,9,connection,psycopg2.connect,DB,ingest_postgres,,DEFINITE_LEAK,6.0,0.111111,0.0,0.0,0.0,0.0,0.0,0.0,1.0,1.0,0.0,3.0,0.0,0.0,0.0
GEN-0192#9:connection,GEN-0192,dataset/mutated_code/generated/M3_insert_early_return/mutant_0192.py,mutated_code,generated,synth:loop_try_finally,train,1,1,M3_insert_early_return,EC-CF-01|EC-CF-02,9,connection,psycopg2.connect,DB,billing_postgres,,DEFINITE_LEAK,6.0,0.111111,0.0,0.0,0.0,0.0,0.0,0.0,1.0,1.0,0.0,3.0,0.0,0.0,0.0
GEN-0193#9:handle,GEN-0193,dataset/mutated_code/generated/M13_finally_to_pass/mutant_0193.py,mutated_code,generated,synth:helper_closes_param,test,1,1,M13_finally_to_pass,EC-CF-12,9,handle,open,FILE,ingest_file_text,,DEFINITE_LEAK,1.0,1.0,0.0,0.0,0.0,0.0,0.0,0.0,0.0,1.0,0.0,1.0,0.0,0.0,0.0
GEN-0194#9:handle,GEN-0194,dataset/mutated_code/generated/M13_finally_to_pass/mutant_0194.py,mutated_code,generated,synth:helper_closes_param,test,1,1,M13_finally_to_pass,EC-CF-12,9,handle,open,FILE,billing_file_text,,DEFINITE_LEAK,1.0,1.0,0.0,0.0,0.0,0.0,0.0,0.0,0.0,1.0,0.0,1.0,0.0,0.0,0.0
GEN-0195#11:handle,GEN-0195,dataset/mutated_code/generated/M13_finally_to_pass/mutant_0195.py,mutated_code,generated,synth:helper_closes_param,test,1,1,M13_finally_to_pass,EC-CF-12,11,handle,io.open,FILE,ingest_file_binary,,DEFINITE_LEAK,1.0,1.0,0.0,0.0,0.0,0.0,0.0,0.0,0.0,1.0,0.0,1.0,0.0,0.0,0.0
GEN-0196#11:handle,GEN-0196,dataset/mutated_code/generated/M13_finally_to_pass/mutant_0196.py,mutated_code,generated,synth:helper_closes_param,test,1,1,M13_finally_to_pass,EC-CF-12,11,handle,io.open,FILE,billing_file_binary,,DEFINITE_LEAK,1.0,1.0,0.0,0.0,0.0,0.0,0.0,0.0,0.0,1.0,0.0,1.0,0.0,0.0,0.0
GEN-0197#11:handle,GEN-0197,dataset/mutated_code/generated/M13_finally_to_pass/mutant_0197.py,mutated_code,generated,synth:helper_closes_param,test,1,1,M13_finally_to_pass,EC-CF-12,11,handle,codecs.open,FILE,ingest_file_codecs,,DEFINITE_LEAK,1.0,1.0,0.0,0.0,0.0,0.0,0.0,0.0,0.0,1.0,0.0,1.0,0.0,0.0,0.0
GEN-0198#11:handle,GEN-0198,dataset/mutated_code/generated/M13_finally_to_pass/mutant_0198.py,mutated_code,generated,synth:helper_closes_param,test,1,1,M13_finally_to_pass,EC-CF-12,11,handle,codecs.open,FILE,billing_file_codecs,,DEFINITE_LEAK,1.0,1.0,0.0,0.0,0.0,0.0,0.0,0.0,0.0,1.0,0.0,1.0,0.0,0.0,0.0
GEN-0199#11:handle,GEN-0199,dataset/mutated_code/generated/M13_finally_to_pass/mutant_0199.py,mutated_code,generated,synth:helper_closes_param,test,1,1,M13_finally_to_pass,EC-CF-12,11,handle,gzip.open,FILE,ingest_file_gzip,,DEFINITE_LEAK,1.0,1.0,0.0,0.0,0.0,0.0,0.0,0.0,0.0,1.0,0.0,1.0,0.0,0.0,0.0
GEN-0200#11:handle,GEN-0200,dataset/mutated_code/generated/M13_finally_to_pass/mutant_0200.py,mutated_code,generated,synth:helper_closes_param,test,1,1,M13_finally_to_pass,EC-CF-12,11,handle,gzip.open,FILE,billing_file_gzip,,DEFINITE_LEAK,1.0,1.0,0.0,0.0,0.0,0.0,0.0,0.0,0.0,1.0,0.0,1.0,0.0,0.0,0.0
GEN-0201#11:handle,GEN-0201,dataset/mutated_code/generated/M13_finally_to_pass/mutant_0201.py,mutated_code,generated,synth:helper_closes_param,test,1,1,M13_finally_to_pass,EC-CF-12,11,handle,tempfile.NamedTemporaryFile,FILE,ingest_file_temp,,DEFINITE_LEAK,1.0,1.0,0.0,0.0,0.0,0.0,0.0,0.0,0.0,1.0,0.0,1.0,0.0,0.0,0.0
GEN-0202#11:handle,GEN-0202,dataset/mutated_code/generated/M13_finally_to_pass/mutant_0202.py,mutated_code,generated,synth:helper_closes_param,test,1,1,M13_finally_to_pass,EC-CF-12,11,handle,tempfile.NamedTemporaryFile,FILE,billing_file_temp,,DEFINITE_LEAK,1.0,1.0,0.0,0.0,0.0,0.0,0.0,0.0,0.0,1.0,0.0,1.0,0.0,0.0,0.0
GEN-0203#11:archive,GEN-0203,dataset/mutated_code/generated/M13_finally_to_pass/mutant_0203.py,mutated_code,generated,synth:helper_closes_param,test,1,1,M13_finally_to_pass,EC-CF-12,11,archive,zipfile.ZipFile,FILE,ingest_file_zip,,DEFINITE_LEAK,1.0,1.0,0.0,0.0,0.0,0.0,0.0,0.0,0.0,1.0,0.0,1.0,0.0,0.0,0.0
GEN-0204#11:archive,GEN-0204,dataset/mutated_code/generated/M13_finally_to_pass/mutant_0204.py,mutated_code,generated,synth:helper_closes_param,test,1,1,M13_finally_to_pass,EC-CF-12,11,archive,zipfile.ZipFile,FILE,billing_file_zip,,DEFINITE_LEAK,1.0,1.0,0.0,0.0,0.0,0.0,0.0,0.0,0.0,1.0,0.0,1.0,0.0,0.0,0.0
GEN-0205#11:shelf,GEN-0205,dataset/mutated_code/generated/M13_finally_to_pass/mutant_0205.py,mutated_code,generated,synth:helper_closes_param,test,1,1,M13_finally_to_pass,EC-CF-12,11,shelf,shelve.open,FILE,ingest_file_shelf,,DEFINITE_LEAK,1.0,1.0,0.0,0.0,0.0,0.0,0.0,0.0,0.0,1.0,0.0,1.0,0.0,0.0,0.0
GEN-0206#11:shelf,GEN-0206,dataset/mutated_code/generated/M13_finally_to_pass/mutant_0206.py,mutated_code,generated,synth:helper_closes_param,test,1,1,M13_finally_to_pass,EC-CF-12,11,shelf,shelve.open,FILE,billing_file_shelf,,DEFINITE_LEAK,1.0,1.0,0.0,0.0,0.0,0.0,0.0,0.0,0.0,1.0,0.0,1.0,0.0,0.0,0.0
GEN-0207#11:archive,GEN-0207,dataset/mutated_code/generated/M13_finally_to_pass/mutant_0207.py,mutated_code,generated,synth:helper_closes_param,test,1,1,M13_finally_to_pass,EC-CF-12,11,archive,tarfile.open,FILE,ingest_file_tar,,DEFINITE_LEAK,1.0,1.0,0.0,0.0,0.0,0.0,0.0,0.0,0.0,1.0,0.0,1.0,0.0,0.0,0.0
GEN-0208#11:archive,GEN-0208,dataset/mutated_code/generated/M13_finally_to_pass/mutant_0208.py,mutated_code,generated,synth:helper_closes_param,test,1,1,M13_finally_to_pass,EC-CF-12,11,archive,tarfile.open,FILE,billing_file_tar,,DEFINITE_LEAK,1.0,1.0,0.0,0.0,0.0,0.0,0.0,0.0,0.0,1.0,0.0,1.0,0.0,0.0,0.0
GEN-0209#11:connection,GEN-0209,dataset/mutated_code/generated/M13_finally_to_pass/mutant_0209.py,mutated_code,generated,synth:helper_closes_param,test,1,1,M13_finally_to_pass,EC-CF-12,11,connection,socket.socket,SOCKET,ingest_socket_raw,,DEFINITE_LEAK,2.0,1.0,0.0,0.0,0.0,0.0,0.0,0.0,0.0,1.0,0.0,2.0,0.0,0.0,0.0
GEN-0210#11:connection,GEN-0210,dataset/mutated_code/generated/M13_finally_to_pass/mutant_0210.py,mutated_code,generated,synth:helper_closes_param,test,1,1,M13_finally_to_pass,EC-CF-12,11,connection,socket.socket,SOCKET,billing_socket_raw,,DEFINITE_LEAK,2.0,1.0,0.0,0.0,0.0,0.0,0.0,0.0,0.0,1.0,0.0,2.0,0.0,0.0,0.0
GEN-0211#11:connection,GEN-0211,dataset/mutated_code/generated/M13_finally_to_pass/mutant_0211.py,mutated_code,generated,synth:helper_closes_param,test,1,1,M13_finally_to_pass,EC-CF-12,11,connection,socket.create_connection,SOCKET,ingest_socket_connect,,DEFINITE_LEAK,2.0,1.0,0.0,0.0,0.0,0.0,0.0,0.0,0.0,1.0,0.0,2.0,0.0,0.0,0.0
GEN-0212#11:connection,GEN-0212,dataset/mutated_code/generated/M13_finally_to_pass/mutant_0212.py,mutated_code,generated,synth:helper_closes_param,test,1,1,M13_finally_to_pass,EC-CF-12,11,connection,socket.create_connection,SOCKET,billing_socket_connect,,DEFINITE_LEAK,2.0,1.0,0.0,0.0,0.0,0.0,0.0,0.0,0.0,1.0,0.0,2.0,0.0,0.0,0.0
GEN-0213#11:connection,GEN-0213,dataset/mutated_code/generated/M13_finally_to_pass/mutant_0213.py,mutated_code,generated,synth:helper_closes_param,test,1,1,M13_finally_to_pass,EC-CF-12,11,connection,http.client.HTTPSConnection,SOCKET,ingest_http_conn,,DEFINITE_LEAK,2.0,1.0,0.0,0.0,0.0,0.0,0.0,0.0,0.0,1.0,0.0,2.0,0.0,0.0,0.0
GEN-0214#11:connection,GEN-0214,dataset/mutated_code/generated/M13_finally_to_pass/mutant_0214.py,mutated_code,generated,synth:helper_closes_param,test,1,1,M13_finally_to_pass,EC-CF-12,11,connection,http.client.HTTPSConnection,SOCKET,billing_http_conn,,DEFINITE_LEAK,2.0,1.0,0.0,0.0,0.0,0.0,0.0,0.0,0.0,1.0,0.0,2.0,0.0,0.0,0.0
GEN-0215#11:response,GEN-0215,dataset/mutated_code/generated/M13_finally_to_pass/mutant_0215.py,mutated_code,generated,synth:helper_closes_param,test,1,1,M13_finally_to_pass,EC-CF-12,11,response,urllib.request.urlopen,SOCKET,ingest_urlopen,,DEFINITE_LEAK,2.0,1.0,0.0,0.0,0.0,0.0,0.0,0.0,0.0,1.0,0.0,2.0,0.0,0.0,0.0
GEN-0216#11:response,GEN-0216,dataset/mutated_code/generated/M13_finally_to_pass/mutant_0216.py,mutated_code,generated,synth:helper_closes_param,test,1,1,M13_finally_to_pass,EC-CF-12,11,response,urllib.request.urlopen,SOCKET,billing_urlopen,,DEFINITE_LEAK,2.0,1.0,0.0,0.0,0.0,0.0,0.0,0.0,0.0,1.0,0.0,2.0,0.0,0.0,0.0
GEN-0217#11:session,GEN-0217,dataset/mutated_code/generated/M13_finally_to_pass/mutant_0217.py,mutated_code,generated,synth:helper_closes_param,test,1,1,M13_finally_to_pass,EC-CF-12,11,session,requests.Session,SESSION,ingest_session,,DEFINITE_LEAK,1.5,1.0,0.0,0.0,0.0,0.0,0.0,0.0,0.0,1.0,0.0,1.5,0.0,0.0,0.0
GEN-0218#11:session,GEN-0218,dataset/mutated_code/generated/M13_finally_to_pass/mutant_0218.py,mutated_code,generated,synth:helper_closes_param,test,1,1,M13_finally_to_pass,EC-CF-12,11,session,requests.Session,SESSION,billing_session,,DEFINITE_LEAK,1.5,1.0,0.0,0.0,0.0,0.0,0.0,0.0,0.0,1.0,0.0,1.5,0.0,0.0,0.0
GEN-0219#11:client,GEN-0219,dataset/mutated_code/generated/M13_finally_to_pass/mutant_0219.py,mutated_code,generated,synth:helper_closes_param,test,1,1,M13_finally_to_pass,EC-CF-12,11,client,ftplib.FTP,SOCKET,ingest_ftp,,DEFINITE_LEAK,2.0,1.0,0.0,0.0,0.0,0.0,0.0,0.0,0.0,1.0,0.0,2.0,0.0,0.0,0.0
GEN-0220#11:client,GEN-0220,dataset/mutated_code/generated/M13_finally_to_pass/mutant_0220.py,mutated_code,generated,synth:helper_closes_param,test,1,1,M13_finally_to_pass,EC-CF-12,11,client,ftplib.FTP,SOCKET,billing_ftp,,DEFINITE_LEAK,2.0,1.0,0.0,0.0,0.0,0.0,0.0,0.0,0.0,1.0,0.0,2.0,0.0,0.0,0.0
GEN-0221#11:client,GEN-0221,dataset/mutated_code/generated/M13_finally_to_pass/mutant_0221.py,mutated_code,generated,synth:helper_closes_param,test,1,1,M13_finally_to_pass,EC-CF-12,11,client,smtplib.SMTP,SOCKET,ingest_smtp,,DEFINITE_LEAK,2.0,1.0,0.0,0.0,0.0,0.0,0.0,0.0,0.0,1.0,0.0,2.0,0.0,0.0,0.0
GEN-0222#11:client,GEN-0222,dataset/mutated_code/generated/M13_finally_to_pass/mutant_0222.py,mutated_code,generated,synth:helper_closes_param,test,1,1,M13_finally_to_pass,EC-CF-12,11,client,smtplib.SMTP,SOCKET,billing_smtp,,DEFINITE_LEAK,2.0,1.0,0.0,0.0,0.0,0.0,0.0,0.0,0.0,1.0,0.0,2.0,0.0,0.0,0.0
GEN-0223#11:connection,GEN-0223,dataset/mutated_code/generated/M13_finally_to_pass/mutant_0223.py,mutated_code,generated,synth:helper_closes_param,test,1,1,M13_finally_to_pass,EC-CF-12,11,connection,sqlite3.connect,DB,ingest_sqlite,,DEFINITE_LEAK,3.0,1.0,0.0,0.0,0.0,0.0,0.0,0.0,0.0,1.0,0.0,3.0,0.0,0.0,0.0
GEN-0224#11:connection,GEN-0224,dataset/mutated_code/generated/M13_finally_to_pass/mutant_0224.py,mutated_code,generated,synth:helper_closes_param,test,1,1,M13_finally_to_pass,EC-CF-12,11,connection,sqlite3.connect,DB,billing_sqlite,,DEFINITE_LEAK,3.0,1.0,0.0,0.0,0.0,0.0,0.0,0.0,0.0,1.0,0.0,3.0,0.0,0.0,0.0
GEN-0225#11:connection,GEN-0225,dataset/mutated_code/generated/M13_finally_to_pass/mutant_0225.py,mutated_code,generated,synth:helper_closes_param,test,1,1,M13_finally_to_pass,EC-CF-12,11,connection,psycopg2.connect,DB,ingest_postgres,,DEFINITE_LEAK,3.0,1.0,0.0,0.0,0.0,0.0,0.0,0.0,0.0,1.0,0.0,3.0,0.0,0.0,0.0
GEN-0226#11:connection,GEN-0226,dataset/mutated_code/generated/M13_finally_to_pass/mutant_0226.py,mutated_code,generated,synth:helper_closes_param,test,1,1,M13_finally_to_pass,EC-CF-12,11,connection,psycopg2.connect,DB,billing_postgres,,DEFINITE_LEAK,3.0,1.0,0.0,0.0,0.0,0.0,0.0,0.0,0.0,1.0,0.0,3.0,0.0,0.0,0.0
GEN-0227#11:connection,GEN-0227,dataset/mutated_code/generated/M13_finally_to_pass/mutant_0227.py,mutated_code,generated,synth:helper_closes_param,test,1,1,M13_finally_to_pass,EC-CF-12,11,connection,pymysql.connect,DB,ingest_mysql,,DEFINITE_LEAK,3.0,1.0,0.0,0.0,0.0,0.0,0.0,0.0,0.0,1.0,0.0,3.0,0.0,0.0,0.0
GEN-0228#11:connection,GEN-0228,dataset/mutated_code/generated/M13_finally_to_pass/mutant_0228.py,mutated_code,generated,synth:helper_closes_param,test,1,1,M13_finally_to_pass,EC-CF-12,11,connection,pymysql.connect,DB,billing_mysql,,DEFINITE_LEAK,3.0,1.0,0.0,0.0,0.0,0.0,0.0,0.0,0.0,1.0,0.0,3.0,0.0,0.0,0.0
GEN-0229#11:client,GEN-0229,dataset/mutated_code/generated/M13_finally_to_pass/mutant_0229.py,mutated_code,generated,synth:helper_closes_param,test,1,1,M13_finally_to_pass,EC-CF-12,11,client,redis.Redis,DB,ingest_redis_client,,DEFINITE_LEAK,2.5,1.0,0.0,0.0,0.0,0.0,0.0,0.0,0.0,1.0,0.0,2.5,0.0,0.0,0.0
GEN-0230#11:client,GEN-0230,dataset/mutated_code/generated/M13_finally_to_pass/mutant_0230.py,mutated_code,generated,synth:helper_closes_param,test,1,1,M13_finally_to_pass,EC-CF-12,11,client,redis.Redis,DB,billing_redis_client,,DEFINITE_LEAK,2.5,1.0,0.0,0.0,0.0,0.0,0.0,0.0,0.0,1.0,0.0,2.5,0.0,0.0,0.0
GEN-0231#11:client,GEN-0231,dataset/mutated_code/generated/M13_finally_to_pass/mutant_0231.py,mutated_code,generated,synth:helper_closes_param,test,1,1,M13_finally_to_pass,EC-CF-12,11,client,pymongo.MongoClient,DB,ingest_mongo,,DEFINITE_LEAK,3.0,1.0,0.0,0.0,0.0,0.0,0.0,0.0,0.0,1.0,0.0,3.0,0.0,0.0,0.0
GEN-0232#11:client,GEN-0232,dataset/mutated_code/generated/M13_finally_to_pass/mutant_0232.py,mutated_code,generated,synth:helper_closes_param,test,1,1,M13_finally_to_pass,EC-CF-12,11,client,pymongo.MongoClient,DB,billing_mongo,,DEFINITE_LEAK,3.0,1.0,0.0,0.0,0.0,0.0,0.0,0.0,0.0,1.0,0.0,3.0,0.0,0.0,0.0
GEN-0233#11:process,GEN-0233,dataset/mutated_code/generated/M13_finally_to_pass/mutant_0233.py,mutated_code,generated,synth:helper_closes_param,test,1,1,M13_finally_to_pass,EC-CF-12,11,process,subprocess.Popen,PROCESS,ingest_subprocess_popen,,DEFINITE_LEAK,2.5,1.0,0.0,0.0,0.0,0.0,0.0,0.0,0.0,1.0,0.0,2.5,0.0,0.0,0.0
GEN-0234#11:process,GEN-0234,dataset/mutated_code/generated/M13_finally_to_pass/mutant_0234.py,mutated_code,generated,synth:helper_closes_param,test,1,1,M13_finally_to_pass,EC-CF-12,11,process,subprocess.Popen,PROCESS,billing_subprocess_popen,,DEFINITE_LEAK,2.5,1.0,0.0,0.0,0.0,0.0,0.0,0.0,0.0,1.0,0.0,2.5,0.0,0.0,0.0
M1-0002#4:p,M1-0002,dataset/mutated_code/handwritten/unbound_popen_leak.py,mutated_code,handwritten,handwritten_unbound_popen_leak,train,1,1,M1_with_to_bare,EC-ACQ-05,4,p,subprocess.Popen,PROCESS,launch_service,,DEFINITE_LEAK,2.5,1.0,0.0,0.0,0.0,0.0,0.0,0.0,0.0,0.0,0.0,2.5,0.0,0.0,0.0
M10-0001#5:self.conn,M10-0001,dataset/mutated_code/handwritten/class_no_closer.py,mutated_code,handwritten,handwritten_class_no_closer,val,1,1,M10_remove_class_closer,EC-OWN-05,5,self.conn,sqlite3.connect,DB,DatabaseWorker.__init__,DatabaseWorker,DEFINITE_LEAK,3.0,0.0,0.0,1.0,0.0,0.0,0.0,0.0,0.0,0.0,0.0,3.0,0.0,0.0,0.0
M12-0001#2:f1,M12-0001,dataset/mutated_code/handwritten/close_wrong_handle.py,mutated_code,handwritten,handwritten_close_wrong_handle,train,1,1,M12_close_wrong_handle,EC-ALIAS-03,2,f1,open,FILE,copy_streams,,DEFINITE_LEAK,1.0,1.0,0.0,0.0,0.0,0.0,0.0,0.0,0.0,1.0,0.0,1.0,0.0,0.0,0.0
M12-0001#3:f2,M12-0001,dataset/mutated_code/handwritten/close_wrong_handle.py,mutated_code,handwritten,handwritten_close_wrong_handle,train,1,0,M12_close_wrong_handle,EC-ALIAS-03,3,f2,open,FILE,copy_streams,,SAFE,1.0,0.0,0.0,0.0,0.0,0.0,0.0,0.0,0.0,1.0,0.0,1.0,0.0,0.0,0.0
M13-0001#4:tf,M13-0001,dataset/mutated_code/handwritten/finally_pass_leak.py,mutated_code,handwritten,handwritten_finally_pass_leak,val,1,1,M13_finally_to_pass,EC-CF-12,4,tf,tempfile.NamedTemporaryFile,FILE,write_temp_data,,DEFINITE_LEAK,1.0,1.0,0.0,0.0,0.0,0.0,0.0,0.0,0.0,1.0,0.0,1.0,0.0,0.0,0.0
M14-0001#4:conn,M14-0001,dataset/mutated_code/handwritten/sqlite_ctx_manager_myth.py,mutated_code,handwritten,handwritten_sqlite_ctx_manager_myth,train,1,1,M14_ctx_manager_swap,EC-DB-01,4,conn,sqlite3.connect,DB,run_query,,DEFINITE_LEAK,3.0,1.0,0.0,0.0,0.0,0.0,0.0,0.0,0.0,1.0,0.0,3.0,0.0,0.0,0.0
M3-0001#5:s,M3-0001,dataset/mutated_code/handwritten/loop_early_return.py,mutated_code,handwritten,handwritten_loop_early_return,train,1,1,M3_insert_early_return,EC-CF-01,5,s,socket.create_connection,SOCKET,ping_servers,,DEFINITE_LEAK,4.0,0.285714,0.0,0.0,0.0,0.0,0.0,1.0,1.0,1.0,0.0,2.0,0.0,0.0,0.0
M4-0001#4:f,M4-0001,dataset/mutated_code/handwritten/close_after_raise.py,mutated_code,handwritten,handwritten_close_after_raise,train,1,1,M4_close_into_try,EC-CF-09,4,f,open,FILE,parse_header,,DEFINITE_LEAK,1.0,0.8,0.0,0.0,0.0,0.0,0.0,1.0,0.0,1.0,0.0,1.0,0.0,0.0,0.0
M6-0001#2:f,M6-0001,dataset/mutated_code/handwritten/alias_rebound.py,mutated_code,handwritten,handwritten_alias_rebound,train,1,1,M6_reassign_before_close,EC-ALIAS-01,2,f,open,FILE,process_log,,DEFINITE_LEAK,1.0,1.0,0.0,0.0,0.0,0.0,0.0,1.0,0.0,1.0,1.0,1.0,0.0,0.0,0.0
M6-0001#4:f,M6-0001,dataset/mutated_code/handwritten/alias_rebound.py,mutated_code,handwritten,handwritten_alias_rebound,train,1,1,M6_reassign_before_close,EC-ALIAS-01,4,f,open,FILE,process_log,,EXCEPTION_PATH_LEAK,1.0,0.5,0.0,0.0,0.0,0.0,0.0,1.0,0.0,1.0,0.0,1.0,0.0,0.0,0.0
M8-0001#4:reader,M8-0001,dataset/mutated_code/handwritten/async_bare_socket.py,mutated_code,handwritten,handwritten_async_bare_socket,train,1,1,M8_async_close_removal,EC-ASYNC-04,4,reader,asyncio.open_connection,ASYNC_SOCKET,fetch_data,,DEFINITE_LEAK,2.4,1.0,0.0,0.0,0.0,0.0,0.0,0.0,0.0,1.0,0.0,2.0,0.0,1.0,0.0
M9-0001#5:f,M9-0001,dataset/mutated_code/handwritten/exitstack_bare_file.py,mutated_code,handwritten,handwritten_exitstack_bare_file,train,1,1,M9_exitstack_to_bare,EC-CTX-05,5,f,open,FILE,process_batch,,DEFINITE_LEAK,1.0,1.0,0.0,0.0,0.0,0.0,0.0,0.0,0.0,1.0,0.0,1.0,0.0,0.0,0.0
R-001#5:handle,R-001,dataset/real_code/handwritten/files/with_basic.py,real_code,handwritten,real:files:with_basic,train,0,0,,EC-CTX-01,5,handle,open,FILE,load_config,,SAFE,1.0,0.0,0.0,0.0,0.0,0.0,0.0,0.0,0.0,1.0,0.0,1.0,0.0,0.0,0.0
R-002#5:source,R-002,dataset/real_code/handwritten/files/with_multi_item.py,real_code,handwritten,real:files:with_multi_item,train,0,0,,EC-CTX-02,5,source,open,FILE,copy,,SAFE,1.0,0.0,0.0,0.0,0.0,0.0,0.0,0.0,0.0,1.0,0.0,1.0,0.0,0.0,0.0
R-002#5:target,R-002,dataset/real_code/handwritten/files/with_multi_item.py,real_code,handwritten,real:files:with_multi_item,train,0,0,,EC-CTX-02,5,target,open,FILE,copy,,SAFE,1.0,0.0,0.0,0.0,0.0,0.0,0.0,0.0,0.0,1.0,0.0,1.0,0.0,0.0,0.0
R-003#7:handle,R-003,dataset/real_code/handwritten/files/try_finally.py,real_code,handwritten,real:files:try_finally,train,0,0,,EC-CF-05,7,handle,open,FILE,load_json,,SAFE,1.0,0.0,0.0,0.0,0.0,1.0,0.0,0.0,0.0,1.0,0.0,1.0,0.0,0.0,0.0
R-004#5:handle,R-004,dataset/real_code/handwritten/files/early_return_closed.py,real_code,handwritten,real:files:early_return_closed,train,0,0,,EC-CF-01,5,handle,open,FILE,first_non_empty_line,,SAFE,1.0,0.0,0.0,0.0,0.0,0.0,0.0,0.0,0.0,1.0,0.0,1.0,0.0,0.0,0.0
R-005#5:handle,R-005,dataset/real_code/handwritten/files/conditional_open_closed.py,real_code,handwritten,real:files:conditional_open_closed,train,0,0,,EC-ALIAS-04,5,handle,open,FILE,read_either,,SAFE,1.0,0.0,0.0,0.0,0.0,0.0,0.0,0.0,0.0,1.0,0.0,1.0,0.0,0.0,0.0
R-006#7:handle,R-006,dataset/real_code/handwritten/files/loop_with_inside.py,real_code,handwritten,real:files:loop_with_inside,train,0,0,,EC-LOOP-01,7,handle,open,FILE,total_size,,SAFE,2.0,0.0,0.0,0.0,0.0,0.0,0.0,0.0,1.0,1.0,0.0,1.0,0.0,0.0,0.0
R-007#9:handle,R-007,dataset/real_code/handwritten/files/fdopen_wrapper.py,real_code,handwritten,real:files:fdopen_wrapper,test,0,0,,EC-WRAP-01,9,handle,os.fdopen,FILE,write_temp,,SAFE,1.5,0.0,0.0,0.0,0.0,0.0,0.0,0.0,0.0,1.0,0.0,1.5,0.0,0.0,0.0
R-008#7:handle,R-008,dataset/real_code/handwritten/files/tempfile_managed.py,real_code,handwritten,real:files:tempfile_managed,test,0,0,,EC-CTX-01,7,handle,tempfile.NamedTemporaryFile,FILE,stage,,SAFE,1.0,0.0,0.0,0.0,0.0,0.0,0.0,0.0,0.0,1.0,0.0,1.0,0.0,0.0,0.0
R-009#7:archive,R-009,dataset/real_code/handwritten/files/zipfile_nested.py,real_code,handwritten,real:files:zipfile_nested,train,0,0,,EC-CTX-03,7,archive,zipfile.ZipFile,FILE,read_member,,SAFE,1.0,0.0,0.0,0.0,0.0,0.0,0.0,0.0,0.0,1.0,0.0,1.0,0.0,0.0,0.0
R-010#5:handle,R-010,dataset/real_code/handwritten/files/comprehension_in_with.py,real_code,handwritten,real:files:comprehension_in_with,train,0,0,,EC-SYNTAX-01,5,handle,open,FILE,head,,SAFE,1.0,0.0,0.0,0.0,0.0,1.0,0.0,0.0,0.0,0.0,0.0,1.0,0.0,0.0,0.0
R-011#7:connection,R-011,dataset/real_code/handwritten/network/socket_with.py,real_code,handwritten,real:network:socket_with,val,0,0,,EC-CTX-01,7,connection,socket.create_connection,SOCKET,probe,,SAFE,2.0,0.0,0.0,0.0,0.0,0.0,0.0,0.0,0.0,1.0,0.0,2.0,0.0,0.0,0.0
R-012#7:server,R-012,dataset/real_code/handwritten/network/socket_try_finally.py,real_code,handwritten,real:network:socket_try_finally,train,0,0,,EC-CF-05,7,server,socket.socket,SOCKET,accept_one,,SAFE,2.0,0.0,0.0,0.0,0.0,0.0,0.0,0.0,0.0,1.0,0.0,2.0,0.0,0.0,0.0
R-013#8:response,R-013,dataset/real_code/handwritten/network/urlopen_closing.py,real_code,handwritten,real:network:urlopen_closing,train,0,0,,EC-CTX-04,8,response,urllib.request.urlopen,SOCKET,fetch,,SAFE,2.0,0.0,0.0,0.0,0.0,0.0,0.0,0.0,0.0,1.0,0.0,2.0,0.0,0.0,0.0
R-014#7:session,R-014,dataset/real_code/handwritten/network/session_with.py,real_code,handwritten,real:network:session_with,train,0,0,,EC-CTX-01,7,session,requests.Session,SESSION,fetch_all,,SAFE,1.5,0.0,0.0,0.0,0.0,0.0,0.0,0.0,0.0,1.0,0.0,1.5,0.0,0.0,0.0
R-015#7:connection,R-015,dataset/real_code/handwritten/network/socket_shutdown_then_close.py,real_code,handwritten,real:network:socket_shutdown_then_close,train,0,0,,EC-CLOSE-02,7,connection,socket.create_connection,SOCKET,send_once,,SAFE,2.0,0.0,0.0,0.0,0.0,0.0,0.0,0.0,0.0,1.0,0.0,2.0,0.0,0.0,0.0
R-016#11:connection,R-016,dataset/real_code/handwritten/network/helper_closes_param.py,real_code,handwritten,real:network:helper_closes_param,val,0,0,,EC-INTER-01,11,connection,socket.create_connection,SOCKET,request,,SAFE,2.0,1.0,0.0,0.0,0.0,1.0,1.0,0.0,0.0,1.0,0.0,2.0,0.0,0.0,1.0
R-017#8:connection,R-017,dataset/real_code/handwritten/database/sqlite_closing.py,real_code,handwritten,real:database:sqlite_closing,train,0,0,,EC-DB-01,8,connection,sqlite3.connect,DB,count_rows,,SAFE,3.0,0.0,0.0,0.0,0.0,0.0,0.0,0.0,0.0,1.0,0.0,3.0,0.0,0.0,0.0
R-018#7:connection,R-018,dataset/real_code/handwritten/database/sqlite_try_finally.py,real_code,handwritten,real:database:sqlite_try_finally,train,0,0,,EC-CF-05,7,connection,sqlite3.connect,DB,insert,,SAFE,3.0,0.0,0.0,0.0,0.0,0.0,0.0,0.0,0.0,1.0,0.0,3.0,0.0,0.0,0.0
R-019#8:connection,R-019,dataset/real_code/handwritten/database/cursor_and_connection.py,real_code,handwritten,real:database:cursor_and_connection,train,0,0,,EC-DB-02,8,connection,sqlite3.connect,DB,fetch_names,,SAFE,3.0,0.0,0.0,0.0,0.0,0.0,0.0,0.0,0.0,1.0,0.0,3.0,0.0,0.0,0.0
R-021#7:process,R-021,dataset/real_code/handwritten/process/popen_with.py,real_code,handwritten,real:process:popen_with,train,0,0,,EC-PROC-01,7,process,subprocess.Popen,PROCESS,run,,SAFE,2.5,0.0,0.0,0.0,0.0,0.0,0.0,0.0,0.0,1.0,0.0,2.5,0.0,0.0,0.0
R-022#7:process,R-022,dataset/real_code/handwritten/process/popen_communicate.py,real_code,handwritten,real:process:popen_communicate,val,0,0,,EC-PROC-02,7,process,subprocess.Popen,PROCESS,capture,,SAFE,2.5,0.0,0.0,0.0,0.0,0.0,0.0,1.0,0.0,0.0,0.0,2.5,0.0,0.0,0.0
R-023#7:pool,R-023,dataset/real_code/handwritten/process/pool_close_join.py,real_code,handwritten,real:process:pool_close_join,train,0,0,,EC-POOL-01,7,pool,multiprocessing.Pool,POOL,square_all,,SAFE,2.5,0.0,0.0,0.0,0.0,0.0,0.0,0.0,0.0,0.0,0.0,2.5,0.0,0.0,0.0
R-024#7:executor,R-024,dataset/real_code/handwritten/process/executor_with.py,real_code,handwritten,real:process:executor_with,train,0,0,,EC-POOL-02,7,executor,concurrent.futures.ThreadPoolExecutor,POOL,fan_out,,SAFE,2.5,0.0,0.0,0.0,0.0,0.0,0.0,0.0,0.0,0.0,0.0,2.5,0.0,0.0,0.0
R-026#9:LOCK,R-026,dataset/real_code/handwritten/concurrency/lock_try_finally.py,real_code,handwritten,real:concurrency:lock_try_finally,train,0,0,,EC-LOCK-02,9,LOCK,threading.Lock,LOCK,guarded,,SAFE,1.5,0.0,0.0,0.0,0.0,0.0,0.0,0.0,0.0,1.0,0.0,1.5,0.0,0.0,0.0
R-028#7:session,R-028,dataset/real_code/handwritten/async_resources/session_async_with.py,real_code,handwritten,real:async_resources:session_async_with,train,0,0,,EC-ASYNC-01,7,session,aiohttp.ClientSession,ASYNC_SESSION,fetch,,SAFE,2.4,0.0,0.0,0.0,0.0,0.0,0.0,0.0,0.0,1.0,0.0,2.0,0.0,1.0,0.0
R-029#10:<temp@10:50>,R-029,dataset/real_code/handwritten/async_resources/async_exit_stack.py,real_code,handwritten,real:async_resources:async_exit_stack,train,0,0,,EC-ASYNC-02,10,<temp@10:50>,aiohttp.ClientSession,ASYNC_SESSION,fetch_one,,SAFE,2.4,0.0,0.0,0.0,0.0,0.0,0.0,0.0,0.0,1.0,0.0,2.0,0.0,1.0,0.0
R-029#10:session,R-029,dataset/real_code/handwritten/async_resources/async_exit_stack.py,real_code,handwritten,real:async_resources:async_exit_stack,train,0,0,,EC-ASYNC-02,10,session,aiohttp.ClientSession,ASYNC_SESSION,fetch_one,,SAFE,2.4,0.0,0.0,0.0,0.0,0.0,0.0,0.0,0.0,1.0,0.0,2.0,0.0,1.0,0.0
R-030#7:reader,R-030,dataset/real_code/handwritten/async_resources/async_try_finally.py,real_code,handwritten,real:async_resources:async_try_finally,train,0,0,,EC-ASYNC-03,7,reader,asyncio.open_connection,ASYNC_SOCKET,ping,,SAFE,2.4,0.0,0.0,0.0,0.0,0.0,0.0,0.0,0.0,1.0,0.0,2.0,0.0,1.0,0.0
R-031#7:handle,R-031,dataset/real_code/handwritten/async_resources/aiofiles_with.py,real_code,handwritten,real:async_resources:aiofiles_with,train,0,0,,EC-ASYNC-01,7,handle,aiofiles.open,ASYNC_FILE,read_text,,SAFE,1.2,0.0,0.0,0.0,0.0,0.0,0.0,0.0,0.0,1.0,0.0,1.0,0.0,1.0,0.0
R-032#8:<temp@8:39>,R-032,dataset/real_code/handwritten/contextlib_patterns/exit_stack.py,real_code,handwritten,real:contextlib_patterns:exit_stack,train,0,0,,EC-CTX-05,8,<temp@8:39>,open,FILE,concat,,SAFE,1.0,0.0,0.0,0.0,0.0,0.0,0.0,0.0,0.0,1.0,0.0,1.0,0.0,0.0,0.0
R-033#10:<temp@10:36>,R-033,dataset/real_code/handwritten/contextlib_patterns/exit_stack_manual.py,real_code,handwritten,real:contextlib_patterns:exit_stack_manual,test,0,0,,EC-CTX-06,10,<temp@10:36>,open,FILE,read_pair,,SAFE,1.0,0.0,0.0,0.0,0.0,0.0,0.0,0.0,0.0,1.0,0.0,1.0,0.0,0.0,0.0
R-033#10:right,R-033,dataset/real_code/handwritten/contextlib_patterns/exit_stack_manual.py,real_code,handwritten,real:contextlib_patterns:exit_stack_manual,test,0,0,,EC-CTX-06,10,right,open,FILE,read_pair,,SAFE,1.0,0.0,0.0,0.0,0.0,0.0,0.0,0.0,0.0,1.0,0.0,1.0,0.0,0.0,0.0
R-033#9:<temp@9:35>,R-033,dataset/real_code/handwritten/contextlib_patterns/exit_stack_manual.py,real_code,handwritten,real:contextlib_patterns:exit_stack_manual,test,0,0,,EC-CTX-06,9,<temp@9:35>,open,FILE,read_pair,,SAFE,1.0,0.0,0.0,0.0,0.0,0.0,0.0,0.0,0.0,1.0,0.0,1.0,0.0,0.0,0.0
R-033#9:left,R-033,dataset/real_code/handwritten/contextlib_patterns/exit_stack_manual.py,real_code,handwritten,real:contextlib_patterns:exit_stack_manual,test,0,0,,EC-CTX-06,9,left,open,FILE,read_pair,,SAFE,1.0,0.0,0.0,0.0,0.0,0.0,0.0,0.0,0.0,1.0,0.0,1.0,0.0,0.0,0.0
R-034#8:handle,R-034,dataset/real_code/handwritten/contextlib_patterns/generator_manager.py,real_code,handwritten,real:contextlib_patterns:generator_manager,train,0,0,,EC-GEN-01,8,handle,open,FILE,opened,,SAFE,1.0,0.0,0.0,0.0,0.0,0.0,0.0,0.0,0.0,0.0,0.0,1.0,0.0,0.0,0.0
R-035#8:response,R-035,dataset/real_code/handwritten/contextlib_patterns/closing_helper.py,real_code,handwritten,real:contextlib_patterns:closing_helper,train,0,0,,EC-CTX-04,8,response,urllib.request.urlopen,SOCKET,head_bytes,,SAFE,2.0,0.0,0.0,0.0,0.0,0.0,0.0,0.0,0.0,1.0,0.0,2.0,0.0,0.0,0.0
R-036#8:handle,R-036,dataset/real_code/handwritten/contextlib_patterns/exit_stack_callback.py,real_code,handwritten,real:contextlib_patterns:exit_stack_callback,test,0,0,,EC-CTX-07,8,handle,open,FILE,read_with_callback,,SAFE,1.0,0.0,0.0,0.0,0.0,0.0,0.0,0.0,0.0,0.0,0.0,1.0,0.0,0.0,0.0
R-037#8:connection,R-037,dataset/real_code/handwritten/contextlib_patterns/suppress_around_close.py,real_code,handwritten,real:contextlib_patterns:suppress_around_close,train,0,0,,EC-CTX-08,8,connection,socket.create_connection,SOCKET,best_effort,,SAFE,2.0,0.0,0.0,0.0,0.0,0.0,0.0,0.0,0.0,1.0,0.0,2.0,0.0,0.0,0.0
R-038#8:self.db,R-038,dataset/real_code/handwritten/class_ownership/exit_closes_attr.py,real_code,handwritten,real:class_ownership:exit_closes_attr,train,0,0,,EC-OWN-01,8,self.db,sqlite3.connect,DB,Store.__init__,Store,SAFE,3.0,0.0,0.0,1.0,0.0,0.0,0.0,0.0,0.0,0.0,0.0,3.0,0.0,0.0,0.0
R-039#8:self.sock,R-039,dataset/real_code/handwritten/class_ownership/close_method.py,real_code,handwritten,real:class_ownership:close_method,train,0,0,,EC-OWN-01,8,self.sock,socket.create_connection,SOCKET,Client.__init__,Client,SAFE,2.0,0.0,0.0,1.0,0.0,0.0,0.0,0.0,0.0,0.0,0.0,2.0,0.0,0.0,0.0
R-040#8:self.db,R-040,dataset/real_code/handwritten/class_ownership/del_closes_attr.py,real_code,handwritten,real:class_ownership:del_closes_attr,val,0,0,,EC-OWN-02,8,self.db,sqlite3.connect,DB,Cache.__init__,Cache,SAFE,3.0,0.0,0.0,1.0,0.0,0.0,0.0,0.0,0.0,0.0,0.0,3.0,0.0,0.0,0.0
R-041#8:self.pool,R-041,dataset/real_code/handwritten/class_ownership/shutdown_closes_attr.py,real_code,handwritten,real:class_ownership:shutdown_closes_attr,train,0,0,,EC-OWN-03,8,self.pool,concurrent.futures.ThreadPoolExecutor,POOL,Worker.__init__,Worker,SAFE,2.5,0.0,0.0,1.0,0.0,0.0,0.0,0.0,0.0,0.0,0.0,2.5,0.0,0.0,0.0
R-042#9:self.session,R-042,dataset/real_code/handwritten/class_ownership/manager_pair.py,real_code,handwritten,real:class_ownership:manager_pair,train,0,0,,EC-OWN-01,9,self.session,requests.Session,SESSION,ApiClient.__init__,ApiClient,SAFE,1.5,0.0,0.0,1.0,0.0,0.0,0.0,0.0,0.0,0.0,0.0,1.5,0.0,0.0,0.0
R-043#13:handle,R-043,dataset/real_code/handwritten/decoys/docstring_mentions_close.py,real_code,handwritten,real:decoys:docstring_mentions_close,train,0,0,,EC-DECOY-01,13,handle,open,FILE,load,,SAFE,1.0,0.0,0.0,0.0,0.0,0.0,0.0,0.0,0.0,1.0,0.0,1.0,0.0,0.0,0.0
R-044#12:handle,R-044,dataset/real_code/handwritten/decoys/string_literal_code.py,real_code,handwritten,real:decoys:string_literal_code,train,0,0,,EC-DECOY-02,12,handle,open,FILE,render,,SAFE,1.0,0.0,0.0,0.0,0.0,0.0,0.0,0.0,0.0,1.0,0.0,1.0,0.0,0.0,0.0
R-045#7:handle,R-045,dataset/real_code/handwritten/decoys/commented_out_leak.py,real_code,handwritten,real:decoys:commented_out_leak,train,0,0,,EC-DECOY-03,7,handle,open,FILE,read,,SAFE,1.0,0.0,0.0,0.0,0.0,0.0,0.0,0.0,0.0,1.0,0.0,1.0,0.0,0.0,0.0
R-047#11:handle,R-047,dataset/real_code/handwritten/decoys/close_as_dict_key.py,real_code,handwritten,real:decoys:close_as_dict_key,train,0,0,,EC-DECOY-05,11,handle,open,FILE,summarise,,SAFE,1.0,0.0,0.0,0.0,0.0,0.0,0.0,0.0,0.0,1.0,0.0,1.0,0.0,0.0,0.0
R-049#10:conn,R-049,dataset/real_code/handwritten/frameworks/pytest_yield_fixture.py,real_code,handwritten,real:frameworks:pytest_yield_fixture,train,0,0,,EC-FW-01,10,conn,sqlite3.connect,DB,connection,,SAFE,3.0,0.0,0.0,0.0,0.0,0.0,0.0,1.0,0.0,0.0,0.0,3.0,0.0,0.0,0.0
R-050#13:connection,R-050,dataset/real_code/handwritten/frameworks/flask_route_with.py,real_code,handwritten,real:frameworks:flask_route_with,train,0,0,,EC-FW-02,13,connection,sqlite3.connect,DB,list_people,,SAFE,8.4,0.0,0.0,0.0,0.0,0.0,0.0,0.0,0.0,1.0,0.0,3.0,0.0,0.0,0.0
R-051#11:connection,R-051,dataset/real_code/handwritten/frameworks/fastapi_dependency.py,real_code,handwritten,real:frameworks:fastapi_dependency,train,0,0,,EC-FW-03,11,connection,sqlite3.connect,DB,get_db,,SAFE,3.0,0.0,0.0,0.0,0.0,0.0,0.0,0.0,0.0,0.0,0.0,3.0,0.0,0.0,0.0
R-052#5:AUDIT,R-052,dataset/real_code/handwritten/frameworks/atexit_register.py,real_code,handwritten,real:frameworks:atexit_register,train,0,0,,EC-DEFER-01,5,AUDIT,open,FILE,<module>,,SAFE,1.0,0.0,0.0,0.0,0.0,0.0,0.0,1.0,0.0,0.0,0.0,1.0,0.0,0.0,0.0
R-053#9:sock,R-053,dataset/real_code/handwritten/frameworks/weakref_finalize.py,real_code,handwritten,real:frameworks:weakref_finalize,test,0,0,,EC-DEFER-02,9,sock,socket.create_connection,SOCKET,Probe.__init__,Probe,SAFE,2.0,0.0,0.0,1.0,0.0,0.0,0.0,1.0,0.0,0.0,0.0,2.0,0.0,0.0,0.0
R-054#11:handle,R-054,dataset/real_code/handwritten/frameworks/escape_to_caller.py,real_code,handwritten,real:frameworks:escape_to_caller,test,0,0,,EC-ESC-01,11,handle,open,FILE,open_log,,UNKNOWN,1.0,0.0,1.0,0.0,0.0,0.0,0.0,0.0,0.0,0.0,0.0,1.0,0.0,0.0,0.0
R-054#7:<temp@7:11>,R-054,dataset/real_code/handwritten/frameworks/escape_to_caller.py,real_code,handwritten,real:frameworks:escape_to_caller,test,0,0,,EC-ESC-01,7,<temp@7:11>,sqlite3.connect,DB,open_store,,UNKNOWN,3.0,0.0,1.0,0.0,0.0,0.0,0.0,0.0,0.0,0.0,0.0,3.0,0.0,0.0,0.0
R-055#7:handle,R-055,dataset/real_code/handwritten/frameworks/handles_in_registry.py,real_code,handwritten,real:frameworks:handles_in_registry,train,0,0,,EC-ESC-02,7,handle,open,FILE,attach,,UNKNOWN,1.0,0.0,1.0,0.0,1.0,0.0,0.0,0.0,0.0,0.0,0.0,1.0,0.0,0.0,0.0
S-0001#5:handle,S-0001,dataset/real_code/synthesized/with_statement/with_statement__file_text__ingest.py,real_code,synthesized,synth:with_statement,train,0,0,,EC-CTX-01,5,handle,open,FILE,ingest_file_text,,SAFE,1.0,0.0,0.0,0.0,0.0,0.0,0.0,0.0,0.0,1.0,0.0,1.0,0.0,0.0,0.0
S-0002#5:handle,S-0002,dataset/real_code/synthesized/with_statement/with_statement__file_text__billing.py,real_code,synthesized,synth:with_statement,train,0,0,,EC-CTX-01,5,handle,open,FILE,billing_file_text,,SAFE,1.0,0.0,0.0,0.0,0.0,0.0,0.0,0.0,0.0,1.0,0.0,1.0,0.0,0.0,0.0
S-0003#7:handle,S-0003,dataset/real_code/synthesized/with_statement/with_statement__file_binary__ingest.py,real_code,synthesized,synth:with_statement,train,0,0,,EC-CTX-01,7,handle,io.open,FILE,ingest_file_binary,,SAFE,1.0,0.0,0.0,0.0,0.0,0.0,0.0,0.0,0.0,1.0,0.0,1.0,0.0,0.0,0.0
S-0004#7:handle,S-0004,dataset/real_code/synthesized/with_statement/with_statement__file_binary__billing.py,real_code,synthesized,synth:with_statement,train,0,0,,EC-CTX-01,7,handle,io.open,FILE,billing_file_binary,,SAFE,1.0,0.0,0.0,0.0,0.0,0.0,0.0,0.0,0.0,1.0,0.0,1.0,0.0,0.0,0.0
S-0005#7:handle,S-0005,dataset/real_code/synthesized/with_statement/with_statement__file_codecs__ingest.py,real_code,synthesized,synth:with_statement,train,0,0,,EC-CTX-01,7,handle,codecs.open,FILE,ingest_file_codecs,,SAFE,1.0,0.0,0.0,0.0,0.0,0.0,0.0,0.0,0.0,1.0,0.0,1.0,0.0,0.0,0.0
S-0006#7:handle,S-0006,dataset/real_code/synthesized/with_statement/with_statement__file_codecs__billing.py,real_code,synthesized,synth:with_statement,train,0,0,,EC-CTX-01,7,handle,codecs.open,FILE,billing_file_codecs,,SAFE,1.0,0.0,0.0,0.0,0.0,0.0,0.0,0.0,0.0,1.0,0.0,1.0,0.0,0.0,0.0
S-0007#7:handle,S-0007,dataset/real_code/synthesized/with_statement/with_statement__file_gzip__ingest.py,real_code,synthesized,synth:with_statement,train,0,0,,EC-CTX-01,7,handle,gzip.open,FILE,ingest_file_gzip,,SAFE,1.0,0.0,0.0,0.0,0.0,0.0,0.0,0.0,0.0,1.0,0.0,1.0,0.0,0.0,0.0
S-0008#7:handle,S-0008,dataset/real_code/synthesized/with_statement/with_statement__file_gzip__billing.py,real_code,synthesized,synth:with_statement,train,0,0,,EC-CTX-01,7,handle,gzip.open,FILE,billing_file_gzip,,SAFE,1.0,0.0,0.0,0.0,0.0,0.0,0.0,0.0,0.0,1.0,0.0,1.0,0.0,0.0,0.0
S-0009#7:handle,S-0009,dataset/real_code/synthesized/with_statement/with_statement__file_temp__ingest.py,real_code,synthesized,synth:with_statement,train,0,0,,EC-CTX-01,7,handle,tempfile.NamedTemporaryFile,FILE,ingest_file_temp,,SAFE,1.0,0.0,0.0,0.0,0.0,0.0,0.0,0.0,0.0,1.0,0.0,1.0,0.0,0.0,0.0
S-0010#7:handle,S-0010,dataset/real_code/synthesized/with_statement/with_statement__file_temp__billing.py,real_code,synthesized,synth:with_statement,train,0,0,,EC-CTX-01,7,handle,tempfile.NamedTemporaryFile,FILE,billing_file_temp,,SAFE,1.0,0.0,0.0,0.0,0.0,0.0,0.0,0.0,0.0,1.0,0.0,1.0,0.0,0.0,0.0
S-0011#7:archive,S-0011,dataset/real_code/synthesized/with_statement/with_statement__file_zip__ingest.py,real_code,synthesized,synth:with_statement,train,0,0,,EC-CTX-01,7,archive,zipfile.ZipFile,FILE,ingest_file_zip,,SAFE,1.0,0.0,0.0,0.0,0.0,0.0,0.0,0.0,0.0,1.0,0.0,1.0,0.0,0.0,0.0
S-0012#7:archive,S-0012,dataset/real_code/synthesized/with_statement/with_statement__file_zip__billing.py,real_code,synthesized,synth:with_statement,train,0,0,,EC-CTX-01,7,archive,zipfile.ZipFile,FILE,billing_file_zip,,SAFE,1.0,0.0,0.0,0.0,0.0,0.0,0.0,0.0,0.0,1.0,0.0,1.0,0.0,0.0,0.0
S-0013#7:shelf,S-0013,dataset/real_code/synthesized/with_statement/with_statement__file_shelf__ingest.py,real_code,synthesized,synth:with_statement,train,0,0,,EC-CTX-01,7,shelf,shelve.open,FILE,ingest_file_shelf,,SAFE,1.0,0.0,0.0,0.0,0.0,0.0,0.0,0.0,0.0,1.0,0.0,1.0,0.0,0.0,0.0
S-0014#7:shelf,S-0014,dataset/real_code/synthesized/with_statement/with_statement__file_shelf__billing.py,real_code,synthesized,synth:with_statement,train,0,0,,EC-CTX-01,7,shelf,shelve.open,FILE,billing_file_shelf,,SAFE,1.0,0.0,0.0,0.0,0.0,0.0,0.0,0.0,0.0,1.0,0.0,1.0,0.0,0.0,0.0
S-0015#7:archive,S-0015,dataset/real_code/synthesized/with_statement/with_statement__file_tar__ingest.py,real_code,synthesized,synth:with_statement,train,0,0,,EC-CTX-01,7,archive,tarfile.open,FILE,ingest_file_tar,,SAFE,1.0,0.0,0.0,0.0,0.0,0.0,0.0,0.0,0.0,1.0,0.0,1.0,0.0,0.0,0.0
S-0016#7:archive,S-0016,dataset/real_code/synthesized/with_statement/with_statement__file_tar__billing.py,real_code,synthesized,synth:with_statement,train,0,0,,EC-CTX-01,7,archive,tarfile.open,FILE,billing_file_tar,,SAFE,1.0,0.0,0.0,0.0,0.0,0.0,0.0,0.0,0.0,1.0,0.0,1.0,0.0,0.0,0.0
S-0017#7:connection,S-0017,dataset/real_code/synthesized/with_statement/with_statement__socket_raw__ingest.py,real_code,synthesized,synth:with_statement,train,0,0,,EC-CTX-01,7,connection,socket.socket,SOCKET,ingest_socket_raw,,SAFE,2.0,0.0,0.0,0.0,0.0,0.0,0.0,0.0,0.0,1.0,0.0,2.0,0.0,0.0,0.0
S-0018#7:connection,S-0018,dataset/real_code/synthesized/with_statement/with_statement__socket_raw__billing.py,real_code,synthesized,synth:with_statement,train,0,0,,EC-CTX-01,7,connection,socket.socket,SOCKET,billing_socket_raw,,SAFE,2.0,0.0,0.0,0.0,0.0,0.0,0.0,0.0,0.0,1.0,0.0,2.0,0.0,0.0,0.0
S-0019#7:connection,S-0019,dataset/real_code/synthesized/with_statement/with_statement__socket_connect__ingest.py,real_code,synthesized,synth:with_statement,train,0,0,,EC-CTX-01,7,connection,socket.create_connection,SOCKET,ingest_socket_connect,,SAFE,2.0,0.0,0.0,0.0,0.0,0.0,0.0,0.0,0.0,1.0,0.0,2.0,0.0,0.0,0.0
S-0020#7:connection,S-0020,dataset/real_code/synthesized/with_statement/with_statement__socket_connect__billing.py,real_code,synthesized,synth:with_statement,train,0,0,,EC-CTX-01,7,connection,socket.create_connection,SOCKET,billing_socket_connect,,SAFE,2.0,0.0,0.0,0.0,0.0,0.0,0.0,0.0,0.0,1.0,0.0,2.0,0.0,0.0,0.0
S-0021#7:connection,S-0021,dataset/real_code/synthesized/with_statement/with_statement__http_conn__ingest.py,real_code,synthesized,synth:with_statement,train,0,0,,EC-CTX-01,7,connection,http.client.HTTPSConnection,SOCKET,ingest_http_conn,,SAFE,2.0,0.0,0.0,0.0,0.0,0.0,0.0,0.0,0.0,1.0,0.0,2.0,0.0,0.0,0.0
S-0022#7:connection,S-0022,dataset/real_code/synthesized/with_statement/with_statement__http_conn__billing.py,real_code,synthesized,synth:with_statement,train,0,0,,EC-CTX-01,7,connection,http.client.HTTPSConnection,SOCKET,billing_http_conn,,SAFE,2.0,0.0,0.0,0.0,0.0,0.0,0.0,0.0,0.0,1.0,0.0,2.0,0.0,0.0,0.0
S-0023#7:response,S-0023,dataset/real_code/synthesized/with_statement/with_statement__urlopen__ingest.py,real_code,synthesized,synth:with_statement,train,0,0,,EC-CTX-01,7,response,urllib.request.urlopen,SOCKET,ingest_urlopen,,SAFE,2.0,0.0,0.0,0.0,0.0,0.0,0.0,0.0,0.0,1.0,0.0,2.0,0.0,0.0,0.0
S-0024#7:response,S-0024,dataset/real_code/synthesized/with_statement/with_statement__urlopen__billing.py,real_code,synthesized,synth:with_statement,train,0,0,,EC-CTX-01,7,response,urllib.request.urlopen,SOCKET,billing_urlopen,,SAFE,2.0,0.0,0.0,0.0,0.0,0.0,0.0,0.0,0.0,1.0,0.0,2.0,0.0,0.0,0.0
S-0025#7:session,S-0025,dataset/real_code/synthesized/with_statement/with_statement__session__ingest.py,real_code,synthesized,synth:with_statement,train,0,0,,EC-CTX-01,7,session,requests.Session,SESSION,ingest_session,,SAFE,1.5,0.0,0.0,0.0,0.0,0.0,0.0,0.0,0.0,1.0,0.0,1.5,0.0,0.0,0.0
S-0026#7:session,S-0026,dataset/real_code/synthesized/with_statement/with_statement__session__billing.py,real_code,synthesized,synth:with_statement,train,0,0,,EC-CTX-01,7,session,requests.Session,SESSION,billing_session,,SAFE,1.5,0.0,0.0,0.0,0.0,0.0,0.0,0.0,0.0,1.0,0.0,1.5,0.0,0.0,0.0
S-0027#7:client,S-0027,dataset/real_code/synthesized/with_statement/with_statement__ftp__ingest.py,real_code,synthesized,synth:with_statement,train,0,0,,EC-CTX-01,7,client,ftplib.FTP,SOCKET,ingest_ftp,,SAFE,2.0,0.0,0.0,0.0,0.0,0.0,0.0,0.0,0.0,1.0,0.0,2.0,0.0,0.0,0.0
S-0028#7:client,S-0028,dataset/real_code/synthesized/with_statement/with_statement__ftp__billing.py,real_code,synthesized,synth:with_statement,train,0,0,,EC-CTX-01,7,client,ftplib.FTP,SOCKET,billing_ftp,,SAFE,2.0,0.0,0.0,0.0,0.0,0.0,0.0,0.0,0.0,1.0,0.0,2.0,0.0,0.0,0.0
S-0029#7:client,S-0029,dataset/real_code/synthesized/with_statement/with_statement__smtp__ingest.py,real_code,synthesized,synth:with_statement,train,0,0,,EC-CTX-01,7,client,smtplib.SMTP,SOCKET,ingest_smtp,,SAFE,2.0,0.0,0.0,0.0,0.0,0.0,0.0,0.0,0.0,1.0,0.0,2.0,0.0,0.0,0.0
S-0030#7:client,S-0030,dataset/real_code/synthesized/with_statement/with_statement__smtp__billing.py,real_code,synthesized,synth:with_statement,train,0,0,,EC-CTX-01,7,client,smtplib.SMTP,SOCKET,billing_smtp,,SAFE,2.0,0.0,0.0,0.0,0.0,0.0,0.0,0.0,0.0,1.0,0.0,2.0,0.0,0.0,0.0
S-0031#7:client,S-0031,dataset/real_code/synthesized/with_statement/with_statement__redis_client__ingest.py,real_code,synthesized,synth:with_statement,train,0,0,,EC-CTX-01,7,client,redis.Redis,DB,ingest_redis_client,,SAFE,2.5,0.0,0.0,0.0,0.0,0.0,0.0,0.0,0.0,1.0,0.0,2.5,0.0,0.0,0.0
S-0032#7:client,S-0032,dataset/real_code/synthesized/with_statement/with_statement__redis_client__billing.py,real_code,synthesized,synth:with_statement,train,0,0,,EC-CTX-01,7,client,redis.Redis,DB,billing_redis_client,,SAFE,2.5,0.0,0.0,0.0,0.0,0.0,0.0,0.0,0.0,1.0,0.0,2.5,0.0,0.0,0.0
S-0033#7:client,S-0033,dataset/real_code/synthesized/with_statement/with_statement__mongo__ingest.py,real_code,synthesized,synth:with_statement,train,0,0,,EC-CTX-01,7,client,pymongo.MongoClient,DB,ingest_mongo,,SAFE,3.0,0.0,0.0,0.0,0.0,0.0,0.0,0.0,0.0,1.0,0.0,3.0,0.0,0.0,0.0
S-0034#7:client,S-0034,dataset/real_code/synthesized/with_statement/with_statement__mongo__billing.py,real_code,synthesized,synth:with_statement,train,0,0,,EC-CTX-01,7,client,pymongo.MongoClient,DB,billing_mongo,,SAFE,3.0,0.0,0.0,0.0,0.0,0.0,0.0,0.0,0.0,1.0,0.0,3.0,0.0,0.0,0.0
S-0035#7:process,S-0035,dataset/real_code/synthesized/with_statement/with_statement__subprocess_popen__ingest.py,real_code,synthesized,synth:with_statement,train,0,0,,EC-CTX-01,7,process,subprocess.Popen,PROCESS,ingest_subprocess_popen,,SAFE,2.5,0.0,0.0,0.0,0.0,0.0,0.0,0.0,0.0,1.0,0.0,2.5,0.0,0.0,0.0
S-0036#7:process,S-0036,dataset/real_code/synthesized/with_statement/with_statement__subprocess_popen__billing.py,real_code,synthesized,synth:with_statement,train,0,0,,EC-CTX-01,7,process,subprocess.Popen,PROCESS,billing_subprocess_popen,,SAFE,2.5,0.0,0.0,0.0,0.0,0.0,0.0,0.0,0.0,1.0,0.0,2.5,0.0,0.0,0.0
S-0037#7:pool,S-0037,dataset/real_code/synthesized/with_statement/with_statement__process_pool__ingest.py,real_code,synthesized,synth:with_statement,train,0,0,,EC-CTX-01,7,pool,multiprocessing.Pool,POOL,ingest_process_pool,,SAFE,2.5,0.0,0.0,0.0,0.0,0.0,0.0,0.0,0.0,0.0,0.0,2.5,0.0,0.0,0.0
S-0038#7:pool,S-0038,dataset/real_code/synthesized/with_statement/with_statement__process_pool__billing.py,real_code,synthesized,synth:with_statement,train,0,0,,EC-CTX-01,7,pool,multiprocessing.Pool,POOL,billing_process_pool,,SAFE,2.5,0.0,0.0,0.0,0.0,0.0,0.0,0.0,0.0,0.0,0.0,2.5,0.0,0.0,0.0
S-0039#7:pool,S-0039,dataset/real_code/synthesized/with_statement/with_statement__thread_pool__ingest.py,real_code,synthesized,synth:with_statement,train,0,0,,EC-CTX-01,7,pool,concurrent.futures.ThreadPoolExecutor,POOL,ingest_thread_pool,,SAFE,2.5,0.0,0.0,0.0,0.0,0.0,0.0,0.0,0.0,0.0,0.0,2.5,0.0,0.0,0.0
S-0040#7:pool,S-0040,dataset/real_code/synthesized/with_statement/with_statement__thread_pool__billing.py,real_code,synthesized,synth:with_statement,train,0,0,,EC-CTX-01,7,pool,concurrent.futures.ThreadPoolExecutor,POOL,billing_thread_pool,,SAFE,2.5,0.0,0.0,0.0,0.0,0.0,0.0,0.0,0.0,0.0,0.0,2.5,0.0,0.0,0.0
S-0041#5:handle,S-0041,dataset/real_code/synthesized/try_finally/try_finally__file_text__ingest.py,real_code,synthesized,synth:try_finally,val,0,0,,EC-CF-05,5,handle,open,FILE,ingest_file_text,,SAFE,1.0,0.0,0.0,0.0,0.0,0.0,0.0,0.0,0.0,1.0,0.0,1.0,0.0,0.0,0.0
S-0042#5:handle,S-0042,dataset/real_code/synthesized/try_finally/try_finally__file_text__billing.py,real_code,synthesized,synth:try_finally,val,0,0,,EC-CF-05,5,handle,open,FILE,billing_file_text,,SAFE,1.0,0.0,0.0,0.0,0.0,0.0,0.0,0.0,0.0,1.0,0.0,1.0,0.0,0.0,0.0
S-0043#7:handle,S-0043,dataset/real_code/synthesized/try_finally/try_finally__file_binary__ingest.py,real_code,synthesized,synth:try_finally,val,0,0,,EC-CF-05,7,handle,io.open,FILE,ingest_file_binary,,SAFE,1.0,0.0,0.0,0.0,0.0,0.0,0.0,0.0,0.0,1.0,0.0,1.0,0.0,0.0,0.0
S-0044#7:handle,S-0044,dataset/real_code/synthesized/try_finally/try_finally__file_binary__billing.py,real_code,synthesized,synth:try_finally,val,0,0,,EC-CF-05,7,handle,io.open,FILE,billing_file_binary,,SAFE,1.0,0.0,0.0,0.0,0.0,0.0,0.0,0.0,0.0,1.0,0.0,1.0,0.0,0.0,0.0
S-0045#7:handle,S-0045,dataset/real_code/synthesized/try_finally/try_finally__file_codecs__ingest.py,real_code,synthesized,synth:try_finally,val,0,0,,EC-CF-05,7,handle,codecs.open,FILE,ingest_file_codecs,,SAFE,1.0,0.0,0.0,0.0,0.0,0.0,0.0,0.0,0.0,1.0,0.0,1.0,0.0,0.0,0.0
S-0046#7:handle,S-0046,dataset/real_code/synthesized/try_finally/try_finally__file_codecs__billing.py,real_code,synthesized,synth:try_finally,val,0,0,,EC-CF-05,7,handle,codecs.open,FILE,billing_file_codecs,,SAFE,1.0,0.0,0.0,0.0,0.0,0.0,0.0,0.0,0.0,1.0,0.0,1.0,0.0,0.0,0.0
S-0047#7:handle,S-0047,dataset/real_code/synthesized/try_finally/try_finally__file_gzip__ingest.py,real_code,synthesized,synth:try_finally,val,0,0,,EC-CF-05,7,handle,gzip.open,FILE,ingest_file_gzip,,SAFE,1.0,0.0,0.0,0.0,0.0,0.0,0.0,0.0,0.0,1.0,0.0,1.0,0.0,0.0,0.0
S-0048#7:handle,S-0048,dataset/real_code/synthesized/try_finally/try_finally__file_gzip__billing.py,real_code,synthesized,synth:try_finally,val,0,0,,EC-CF-05,7,handle,gzip.open,FILE,billing_file_gzip,,SAFE,1.0,0.0,0.0,0.0,0.0,0.0,0.0,0.0,0.0,1.0,0.0,1.0,0.0,0.0,0.0
S-0049#7:handle,S-0049,dataset/real_code/synthesized/try_finally/try_finally__file_temp__ingest.py,real_code,synthesized,synth:try_finally,val,0,0,,EC-CF-05,7,handle,tempfile.NamedTemporaryFile,FILE,ingest_file_temp,,SAFE,1.0,0.0,0.0,0.0,0.0,0.0,0.0,0.0,0.0,1.0,0.0,1.0,0.0,0.0,0.0
S-0050#7:handle,S-0050,dataset/real_code/synthesized/try_finally/try_finally__file_temp__billing.py,real_code,synthesized,synth:try_finally,val,0,0,,EC-CF-05,7,handle,tempfile.NamedTemporaryFile,FILE,billing_file_temp,,SAFE,1.0,0.0,0.0,0.0,0.0,0.0,0.0,0.0,0.0,1.0,0.0,1.0,0.0,0.0,0.0
S-0051#7:archive,S-0051,dataset/real_code/synthesized/try_finally/try_finally__file_zip__ingest.py,real_code,synthesized,synth:try_finally,val,0,0,,EC-CF-05,7,archive,zipfile.ZipFile,FILE,ingest_file_zip,,SAFE,1.0,0.0,0.0,0.0,0.0,0.0,0.0,0.0,0.0,1.0,0.0,1.0,0.0,0.0,0.0
S-0052#7:archive,S-0052,dataset/real_code/synthesized/try_finally/try_finally__file_zip__billing.py,real_code,synthesized,synth:try_finally,val,0,0,,EC-CF-05,7,archive,zipfile.ZipFile,FILE,billing_file_zip,,SAFE,1.0,0.0,0.0,0.0,0.0,0.0,0.0,0.0,0.0,1.0,0.0,1.0,0.0,0.0,0.0
S-0053#7:shelf,S-0053,dataset/real_code/synthesized/try_finally/try_finally__file_shelf__ingest.py,real_code,synthesized,synth:try_finally,val,0,0,,EC-CF-05,7,shelf,shelve.open,FILE,ingest_file_shelf,,SAFE,1.0,0.0,0.0,0.0,0.0,0.0,0.0,0.0,0.0,1.0,0.0,1.0,0.0,0.0,0.0
S-0054#7:shelf,S-0054,dataset/real_code/synthesized/try_finally/try_finally__file_shelf__billing.py,real_code,synthesized,synth:try_finally,val,0,0,,EC-CF-05,7,shelf,shelve.open,FILE,billing_file_shelf,,SAFE,1.0,0.0,0.0,0.0,0.0,0.0,0.0,0.0,0.0,1.0,0.0,1.0,0.0,0.0,0.0
S-0055#7:archive,S-0055,dataset/real_code/synthesized/try_finally/try_finally__file_tar__ingest.py,real_code,synthesized,synth:try_finally,val,0,0,,EC-CF-05,7,archive,tarfile.open,FILE,ingest_file_tar,,SAFE,1.0,0.0,0.0,0.0,0.0,0.0,0.0,0.0,0.0,1.0,0.0,1.0,0.0,0.0,0.0
S-0056#7:archive,S-0056,dataset/real_code/synthesized/try_finally/try_finally__file_tar__billing.py,real_code,synthesized,synth:try_finally,val,0,0,,EC-CF-05,7,archive,tarfile.open,FILE,billing_file_tar,,SAFE,1.0,0.0,0.0,0.0,0.0,0.0,0.0,0.0,0.0,1.0,0.0,1.0,0.0,0.0,0.0
S-0057#7:connection,S-0057,dataset/real_code/synthesized/try_finally/try_finally__socket_raw__ingest.py,real_code,synthesized,synth:try_finally,val,0,0,,EC-CF-05,7,connection,socket.socket,SOCKET,ingest_socket_raw,,SAFE,2.0,0.0,0.0,0.0,0.0,0.0,0.0,0.0,0.0,1.0,0.0,2.0,0.0,0.0,0.0
S-0058#7:connection,S-0058,dataset/real_code/synthesized/try_finally/try_finally__socket_raw__billing.py,real_code,synthesized,synth:try_finally,val,0,0,,EC-CF-05,7,connection,socket.socket,SOCKET,billing_socket_raw,,SAFE,2.0,0.0,0.0,0.0,0.0,0.0,0.0,0.0,0.0,1.0,0.0,2.0,0.0,0.0,0.0
S-0059#7:connection,S-0059,dataset/real_code/synthesized/try_finally/try_finally__socket_connect__ingest.py,real_code,synthesized,synth:try_finally,val,0,0,,EC-CF-05,7,connection,socket.create_connection,SOCKET,ingest_socket_connect,,SAFE,2.0,0.0,0.0,0.0,0.0,0.0,0.0,0.0,0.0,1.0,0.0,2.0,0.0,0.0,0.0
S-0060#7:connection,S-0060,dataset/real_code/synthesized/try_finally/try_finally__socket_connect__billing.py,real_code,synthesized,synth:try_finally,val,0,0,,EC-CF-05,7,connection,socket.create_connection,SOCKET,billing_socket_connect,,SAFE,2.0,0.0,0.0,0.0,0.0,0.0,0.0,0.0,0.0,1.0,0.0,2.0,0.0,0.0,0.0
S-0061#7:connection,S-0061,dataset/real_code/synthesized/try_finally/try_finally__http_conn__ingest.py,real_code,synthesized,synth:try_finally,val,0,0,,EC-CF-05,7,connection,http.client.HTTPSConnection,SOCKET,ingest_http_conn,,SAFE,2.0,0.0,0.0,0.0,0.0,0.0,0.0,0.0,0.0,1.0,0.0,2.0,0.0,0.0,0.0
S-0062#7:connection,S-0062,dataset/real_code/synthesized/try_finally/try_finally__http_conn__billing.py,real_code,synthesized,synth:try_finally,val,0,0,,EC-CF-05,7,connection,http.client.HTTPSConnection,SOCKET,billing_http_conn,,SAFE,2.0,0.0,0.0,0.0,0.0,0.0,0.0,0.0,0.0,1.0,0.0,2.0,0.0,0.0,0.0
S-0063#7:response,S-0063,dataset/real_code/synthesized/try_finally/try_finally__urlopen__ingest.py,real_code,synthesized,synth:try_finally,val,0,0,,EC-CF-05,7,response,urllib.request.urlopen,SOCKET,ingest_urlopen,,SAFE,2.0,0.0,0.0,0.0,0.0,0.0,0.0,0.0,0.0,1.0,0.0,2.0,0.0,0.0,0.0
S-0064#7:response,S-0064,dataset/real_code/synthesized/try_finally/try_finally__urlopen__billing.py,real_code,synthesized,synth:try_finally,val,0,0,,EC-CF-05,7,response,urllib.request.urlopen,SOCKET,billing_urlopen,,SAFE,2.0,0.0,0.0,0.0,0.0,0.0,0.0,0.0,0.0,1.0,0.0,2.0,0.0,0.0,0.0
S-0065#7:session,S-0065,dataset/real_code/synthesized/try_finally/try_finally__session__ingest.py,real_code,synthesized,synth:try_finally,val,0,0,,EC-CF-05,7,session,requests.Session,SESSION,ingest_session,,SAFE,1.5,0.0,0.0,0.0,0.0,0.0,0.0,0.0,0.0,1.0,0.0,1.5,0.0,0.0,0.0
S-0066#7:session,S-0066,dataset/real_code/synthesized/try_finally/try_finally__session__billing.py,real_code,synthesized,synth:try_finally,val,0,0,,EC-CF-05,7,session,requests.Session,SESSION,billing_session,,SAFE,1.5,0.0,0.0,0.0,0.0,0.0,0.0,0.0,0.0,1.0,0.0,1.5,0.0,0.0,0.0
S-0067#7:client,S-0067,dataset/real_code/synthesized/try_finally/try_finally__ftp__ingest.py,real_code,synthesized,synth:try_finally,val,0,0,,EC-CF-05,7,client,ftplib.FTP,SOCKET,ingest_ftp,,SAFE,2.0,0.0,0.0,0.0,0.0,0.0,0.0,0.0,0.0,1.0,0.0,2.0,0.0,0.0,0.0
S-0068#7:client,S-0068,dataset/real_code/synthesized/try_finally/try_finally__ftp__billing.py,real_code,synthesized,synth:try_finally,val,0,0,,EC-CF-05,7,client,ftplib.FTP,SOCKET,billing_ftp,,SAFE,2.0,0.0,0.0,0.0,0.0,0.0,0.0,0.0,0.0,1.0,0.0,2.0,0.0,0.0,0.0
S-0069#7:client,S-0069,dataset/real_code/synthesized/try_finally/try_finally__smtp__ingest.py,real_code,synthesized,synth:try_finally,val,0,0,,EC-CF-05,7,client,smtplib.SMTP,SOCKET,ingest_smtp,,SAFE,2.0,0.0,0.0,0.0,0.0,0.0,0.0,0.0,0.0,1.0,0.0,2.0,0.0,0.0,0.0
S-0070#7:client,S-0070,dataset/real_code/synthesized/try_finally/try_finally__smtp__billing.py,real_code,synthesized,synth:try_finally,val,0,0,,EC-CF-05,7,client,smtplib.SMTP,SOCKET,billing_smtp,,SAFE,2.0,0.0,0.0,0.0,0.0,0.0,0.0,0.0,0.0,1.0,0.0,2.0,0.0,0.0,0.0
S-0071#7:connection,S-0071,dataset/real_code/synthesized/try_finally/try_finally__sqlite__ingest.py,real_code,synthesized,synth:try_finally,val,0,0,,EC-CF-05,7,connection,sqlite3.connect,DB,ingest_sqlite,,SAFE,3.0,0.0,0.0,0.0,0.0,0.0,0.0,0.0,0.0,1.0,0.0,3.0,0.0,0.0,0.0
S-0072#7:connection,S-0072,dataset/real_code/synthesized/try_finally/try_finally__sqlite__billing.py,real_code,synthesized,synth:try_finally,val,0,0,,EC-CF-05,7,connection,sqlite3.connect,DB,billing_sqlite,,SAFE,3.0,0.0,0.0,0.0,0.0,0.0,0.0,0.0,0.0,1.0,0.0,3.0,0.0,0.0,0.0
S-0073#7:connection,S-0073,dataset/real_code/synthesized/try_finally/try_finally__postgres__ingest.py,real_code,synthesized,synth:try_finally,val,0,0,,EC-CF-05,7,connection,psycopg2.connect,DB,ingest_postgres,,SAFE,3.0,0.0,0.0,0.0,0.0,0.0,0.0,0.0,0.0,1.0,0.0,3.0,0.0,0.0,0.0
S-0074#7:connection,S-0074,dataset/real_code/synthesized/try_finally/try_finally__postgres__billing.py,real_code,synthesized,synth:try_finally,val,0,0,,EC-CF-05,7,connection,psycopg2.connect,DB,billing_postgres,,SAFE,3.0,0.0,0.0,0.0,0.0,0.0,0.0,0.0,0.0,1.0,0.0,3.0,0.0,0.0,0.0
S-0075#7:connection,S-0075,dataset/real_code/synthesized/try_finally/try_finally__mysql__ingest.py,real_code,synthesized,synth:try_finally,val,0,0,,EC-CF-05,7,connection,pymysql.connect,DB,ingest_mysql,,SAFE,3.0,0.0,0.0,0.0,0.0,0.0,0.0,0.0,0.0,1.0,0.0,3.0,0.0,0.0,0.0
S-0076#7:connection,S-0076,dataset/real_code/synthesized/try_finally/try_finally__mysql__billing.py,real_code,synthesized,synth:try_finally,val,0,0,,EC-CF-05,7,connection,pymysql.connect,DB,billing_mysql,,SAFE,3.0,0.0,0.0,0.0,0.0,0.0,0.0,0.0,0.0,1.0,0.0,3.0,0.0,0.0,0.0
S-0077#7:client,S-0077,dataset/real_code/synthesized/try_finally/try_finally__redis_client__ingest.py,real_code,synthesized,synth:try_finally,val,0,0,,EC-CF-05,7,client,redis.Redis,DB,ingest_redis_client,,SAFE,2.5,0.0,0.0,0.0,0.0,0.0,0.0,0.0,0.0,1.0,0.0,2.5,0.0,0.0,0.0
S-0078#7:client,S-0078,dataset/real_code/synthesized/try_finally/try_finally__redis_client__billing.py,real_code,synthesized,synth:try_finally,val,0,0,,EC-CF-05,7,client,redis.Redis,DB,billing_redis_client,,SAFE,2.5,0.0,0.0,0.0,0.0,0.0,0.0,0.0,0.0,1.0,0.0,2.5,0.0,0.0,0.0
S-0079#7:client,S-0079,dataset/real_code/synthesized/try_finally/try_finally__mongo__ingest.py,real_code,synthesized,synth:try_finally,val,0,0,,EC-CF-05,7,client,pymongo.MongoClient,DB,ingest_mongo,,SAFE,3.0,0.0,0.0,0.0,0.0,0.0,0.0,0.0,0.0,1.0,0.0,3.0,0.0,0.0,0.0
S-0080#7:client,S-0080,dataset/real_code/synthesized/try_finally/try_finally__mongo__billing.py,real_code,synthesized,synth:try_finally,val,0,0,,EC-CF-05,7,client,pymongo.MongoClient,DB,billing_mongo,,SAFE,3.0,0.0,0.0,0.0,0.0,0.0,0.0,0.0,0.0,1.0,0.0,3.0,0.0,0.0,0.0
S-0081#7:process,S-0081,dataset/real_code/synthesized/try_finally/try_finally__subprocess_popen__ingest.py,real_code,synthesized,synth:try_finally,val,0,0,,EC-CF-05,7,process,subprocess.Popen,PROCESS,ingest_subprocess_popen,,SAFE,2.5,0.0,0.0,0.0,0.0,0.0,0.0,0.0,0.0,1.0,0.0,2.5,0.0,0.0,0.0
S-0082#7:process,S-0082,dataset/real_code/synthesized/try_finally/try_finally__subprocess_popen__billing.py,real_code,synthesized,synth:try_finally,val,0,0,,EC-CF-05,7,process,subprocess.Popen,PROCESS,billing_subprocess_popen,,SAFE,2.5,0.0,0.0,0.0,0.0,0.0,0.0,0.0,0.0,1.0,0.0,2.5,0.0,0.0,0.0
S-0083#7:pool,S-0083,dataset/real_code/synthesized/try_finally/try_finally__process_pool__ingest.py,real_code,synthesized,synth:try_finally,val,0,0,,EC-CF-05,7,pool,multiprocessing.Pool,POOL,ingest_process_pool,,SAFE,2.5,0.0,0.0,0.0,0.0,0.0,0.0,0.0,0.0,0.0,0.0,2.5,0.0,0.0,0.0
S-0084#7:pool,S-0084,dataset/real_code/synthesized/try_finally/try_finally__process_pool__billing.py,real_code,synthesized,synth:try_finally,val,0,0,,EC-CF-05,7,pool,multiprocessing.Pool,POOL,billing_process_pool,,SAFE,2.5,0.0,0.0,0.0,0.0,0.0,0.0,0.0,0.0,0.0,0.0,2.5,0.0,0.0,0.0
S-0085#7:pool,S-0085,dataset/real_code/synthesized/try_finally/try_finally__thread_pool__ingest.py,real_code,synthesized,synth:try_finally,val,0,0,,EC-CF-05,7,pool,concurrent.futures.ThreadPoolExecutor,POOL,ingest_thread_pool,,SAFE,2.5,0.0,0.0,0.0,0.0,0.0,0.0,0.0,0.0,0.0,0.0,2.5,0.0,0.0,0.0
S-0086#7:pool,S-0086,dataset/real_code/synthesized/try_finally/try_finally__thread_pool__billing.py,real_code,synthesized,synth:try_finally,val,0,0,,EC-CF-05,7,pool,concurrent.futures.ThreadPoolExecutor,POOL,billing_thread_pool,,SAFE,2.5,0.0,0.0,0.0,0.0,0.0,0.0,0.0,0.0,0.0,0.0,2.5,0.0,0.0,0.0
S-0087#7:handle,S-0087,dataset/real_code/synthesized/closing_wrapper/closing_wrapper__file_text__ingest.py,real_code,synthesized,synth:closing_wrapper,train,0,0,,EC-CTX-04,7,handle,open,FILE,ingest_file_text,,SAFE,1.0,0.0,0.0,0.0,0.0,0.0,0.0,0.0,0.0,1.0,0.0,1.0,0.0,0.0,0.0
S-0088#7:handle,S-0088,dataset/real_code/synthesized/closing_wrapper/closing_wrapper__file_text__billing.py,real_code,synthesized,synth:closing_wrapper,train,0,0,,EC-CTX-04,7,handle,open,FILE,billing_file_text,,SAFE,1.0,0.0,0.0,0.0,0.0,0.0,0.0,0.0,0.0,1.0,0.0,1.0,0.0,0.0,0.0
S-0089#8:handle,S-0089,dataset/real_code/synthesized/closing_wrapper/closing_wrapper__file_binary__ingest.py,real_code,synthesized,synth:closing_wrapper,train,0,0,,EC-CTX-04,8,handle,io.open,FILE,ingest_file_binary,,SAFE,1.0,0.0,0.0,0.0,0.0,0.0,0.0,0.0,0.0,1.0,0.0,1.0,0.0,0.0,0.0
S-0090#8:handle,S-0090,dataset/real_code/synthesized/closing_wrapper/closing_wrapper__file_binary__billing.py,real_code,synthesized,synth:closing_wrapper,train,0,0,,EC-CTX-04,8,handle,io.open,FILE,billing_file_binary,,SAFE,1.0,0.0,0.0,0.0,0.0,0.0,0.0,0.0,0.0,1.0,0.0,1.0,0.0,0.0,0.0
S-0091#8:handle,S-0091,dataset/real_code/synthesized/closing_wrapper/closing_wrapper__file_codecs__ingest.py,real_code,synthesized,synth:closing_wrapper,train,0,0,,EC-CTX-04,8,handle,codecs.open,FILE,ingest_file_codecs,,SAFE,1.0,0.0,0.0,0.0,0.0,0.0,0.0,0.0,0.0,1.0,0.0,1.0,0.0,0.0,0.0
S-0092#8:handle,S-0092,dataset/real_code/synthesized/closing_wrapper/closing_wrapper__file_codecs__billing.py,real_code,synthesized,synth:closing_wrapper,train,0,0,,EC-CTX-04,8,handle,codecs.open,FILE,billing_file_codecs,,SAFE,1.0,0.0,0.0,0.0,0.0,0.0,0.0,0.0,0.0,1.0,0.0,1.0,0.0,0.0,0.0
S-0093#8:handle,S-0093,dataset/real_code/synthesized/closing_wrapper/closing_wrapper__file_gzip__ingest.py,real_code,synthesized,synth:closing_wrapper,train,0,0,,EC-CTX-04,8,handle,gzip.open,FILE,ingest_file_gzip,,SAFE,1.0,0.0,0.0,0.0,0.0,0.0,0.0,0.0,0.0,1.0,0.0,1.0,0.0,0.0,0.0
S-0094#8:handle,S-0094,dataset/real_code/synthesized/closing_wrapper/closing_wrapper__file_gzip__billing.py,real_code,synthesized,synth:closing_wrapper,train,0,0,,EC-CTX-04,8,handle,gzip.open,FILE,billing_file_gzip,,SAFE,1.0,0.0,0.0,0.0,0.0,0.0,0.0,0.0,0.0,1.0,0.0,1.0,0.0,0.0,0.0
S-0095#8:handle,S-0095,dataset/real_code/synthesized/closing_wrapper/closing_wrapper__file_temp__ingest.py,real_code,synthesized,synth:closing_wrapper,train,0,0,,EC-CTX-04,8,handle,tempfile.NamedTemporaryFile,FILE,ingest_file_temp,,SAFE,1.0,0.0,0.0,0.0,0.0,0.0,0.0,0.0,0.0,1.0,0.0,1.0,0.0,0.0,0.0
S-0096#8:handle,S-0096,dataset/real_code/synthesized/closing_wrapper/closing_wrapper__file_temp__billing.py,real_code,synthesized,synth:closing_wrapper,train,0,0,,EC-CTX-04,8,handle,tempfile.NamedTemporaryFile,FILE,billing_file_temp,,SAFE,1.0,0.0,0.0,0.0,0.0,0.0,0.0,0.0,0.0,1.0,0.0,1.0,0.0,0.0,0.0
S-0097#8:archive,S-0097,dataset/real_code/synthesized/closing_wrapper/closing_wrapper__file_zip__ingest.py,real_code,synthesized,synth:closing_wrapper,train,0,0,,EC-CTX-04,8,archive,zipfile.ZipFile,FILE,ingest_file_zip,,SAFE,1.0,0.0,0.0,0.0,0.0,0.0,0.0,0.0,0.0,1.0,0.0,1.0,0.0,0.0,0.0
S-0098#8:archive,S-0098,dataset/real_code/synthesized/closing_wrapper/closing_wrapper__file_zip__billing.py,real_code,synthesized,synth:closing_wrapper,train,0,0,,EC-CTX-04,8,archive,zipfile.ZipFile,FILE,billing_file_zip,,SAFE,1.0,0.0,0.0,0.0,0.0,0.0,0.0,0.0,0.0,1.0,0.0,1.0,0.0,0.0,0.0
S-0099#8:shelf,S-0099,dataset/real_code/synthesized/closing_wrapper/closing_wrapper__file_shelf__ingest.py,real_code,synthesized,synth:closing_wrapper,train,0,0,,EC-CTX-04,8,shelf,shelve.open,FILE,ingest_file_shelf,,SAFE,1.0,0.0,0.0,0.0,0.0,0.0,0.0,0.0,0.0,1.0,0.0,1.0,0.0,0.0,0.0
S-0100#8:shelf,S-0100,dataset/real_code/synthesized/closing_wrapper/closing_wrapper__file_shelf__billing.py,real_code,synthesized,synth:closing_wrapper,train,0,0,,EC-CTX-04,8,shelf,shelve.open,FILE,billing_file_shelf,,SAFE,1.0,0.0,0.0,0.0,0.0,0.0,0.0,0.0,0.0,1.0,0.0,1.0,0.0,0.0,0.0
S-0101#8:archive,S-0101,dataset/real_code/synthesized/closing_wrapper/closing_wrapper__file_tar__ingest.py,real_code,synthesized,synth:closing_wrapper,train,0,0,,EC-CTX-04,8,archive,tarfile.open,FILE,ingest_file_tar,,SAFE,1.0,0.0,0.0,0.0,0.0,0.0,0.0,0.0,0.0,1.0,0.0,1.0,0.0,0.0,0.0
S-0102#8:archive,S-0102,dataset/real_code/synthesized/closing_wrapper/closing_wrapper__file_tar__billing.py,real_code,synthesized,synth:closing_wrapper,train,0,0,,EC-CTX-04,8,archive,tarfile.open,FILE,billing_file_tar,,SAFE,1.0,0.0,0.0,0.0,0.0,0.0,0.0,0.0,0.0,1.0,0.0,1.0,0.0,0.0,0.0
S-0103#8:connection,S-0103,dataset/real_code/synthesized/closing_wrapper/closing_wrapper__socket_raw__ingest.py,real_code,synthesized,synth:closing_wrapper,train,0,0,,EC-CTX-04,8,connection,socket.socket,SOCKET,ingest_socket_raw,,SAFE,2.0,0.0,0.0,0.0,0.0,0.0,0.0,0.0,0.0,1.0,0.0,2.0,0.0,0.0,0.0
S-0104#8:connection,S-0104,dataset/real_code/synthesized/closing_wrapper/closing_wrapper__socket_raw__billing.py,real_code,synthesized,synth:closing_wrapper,train,0,0,,EC-CTX-04,8,connection,socket.socket,SOCKET,billing_socket_raw,,SAFE,2.0,0.0,0.0,0.0,0.0,0.0,0.0,0.0,0.0,1.0,0.0,2.0,0.0,0.0,0.0
S-0105#8:connection,S-0105,dataset/real_code/synthesized/closing_wrapper/closing_wrapper__socket_connect__ingest.py,real_code,synthesized,synth:closing_wrapper,train,0,0,,EC-CTX-04,8,connection,socket.create_connection,SOCKET,ingest_socket_connect,,SAFE,2.0,0.0,0.0,0.0,0.0,0.0,0.0,0.0,0.0,1.0,0.0,2.0,0.0,0.0,0.0
S-0106#8:connection,S-0106,dataset/real_code/synthesized/closing_wrapper/closing_wrapper__socket_connect__billing.py,real_code,synthesized,synth:closing_wrapper,train,0,0,,EC-CTX-04,8,connection,socket.create_connection,SOCKET,billing_socket_connect,,SAFE,2.0,0.0,0.0,0.0,0.0,0.0,0.0,0.0,0.0,1.0,0.0,2.0,0.0,0.0,0.0
S-0107#8:connection,S-0107,dataset/real_code/synthesized/closing_wrapper/closing_wrapper__http_conn__ingest.py,real_code,synthesized,synth:closing_wrapper,train,0,0,,EC-CTX-04,8,connection,http.client.HTTPSConnection,SOCKET,ingest_http_conn,,SAFE,2.0,0.0,0.0,0.0,0.0,0.0,0.0,0.0,0.0,1.0,0.0,2.0,0.0,0.0,0.0
S-0108#8:connection,S-0108,dataset/real_code/synthesized/closing_wrapper/closing_wrapper__http_conn__billing.py,real_code,synthesized,synth:closing_wrapper,train,0,0,,EC-CTX-04,8,connection,http.client.HTTPSConnection,SOCKET,billing_http_conn,,SAFE,2.0,0.0,0.0,0.0,0.0,0.0,0.0,0.0,0.0,1.0,0.0,2.0,0.0,0.0,0.0
S-0109#8:response,S-0109,dataset/real_code/synthesized/closing_wrapper/closing_wrapper__urlopen__ingest.py,real_code,synthesized,synth:closing_wrapper,train,0,0,,EC-CTX-04,8,response,urllib.request.urlopen,SOCKET,ingest_urlopen,,SAFE,2.0,0.0,0.0,0.0,0.0,0.0,0.0,0.0,0.0,1.0,0.0,2.0,0.0,0.0,0.0
S-0110#8:response,S-0110,dataset/real_code/synthesized/closing_wrapper/closing_wrapper__urlopen__billing.py,real_code,synthesized,synth:closing_wrapper,train,0,0,,EC-CTX-04,8,response,urllib.request.urlopen,SOCKET,billing_urlopen,,SAFE,2.0,0.0,0.0,0.0,0.0,0.0,0.0,0.0,0.0,1.0,0.0,2.0,0.0,0.0,0.0
S-0111#8:session,S-0111,dataset/real_code/synthesized/closing_wrapper/closing_wrapper__session__ingest.py,real_code,synthesized,synth:closing_wrapper,train,0,0,,EC-CTX-04,8,session,requests.Session,SESSION,ingest_session,,SAFE,1.5,0.0,0.0,0.0,0.0,0.0,0.0,0.0,0.0,1.0,0.0,1.5,0.0,0.0,0.0
S-0112#8:session,S-0112,dataset/real_code/synthesized/closing_wrapper/closing_wrapper__session__billing.py,real_code,synthesized,synth:closing_wrapper,train,0,0,,EC-CTX-04,8,session,requests.Session,SESSION,billing_session,,SAFE,1.5,0.0,0.0,0.0,0.0,0.0,0.0,0.0,0.0,1.0,0.0,1.5,0.0,0.0,0.0
S-0113#8:client,S-0113,dataset/real_code/synthesized/closing_wrapper/closing_wrapper__ftp__ingest.py,real_code,synthesized,synth:closing_wrapper,train,0,0,,EC-CTX-04,8,client,ftplib.FTP,SOCKET,ingest_ftp,,SAFE,2.0,0.0,0.0,0.0,0.0,0.0,0.0,0.0,0.0,1.0,0.0,2.0,0.0,0.0,0.0
S-0114#8:client,S-0114,dataset/real_code/synthesized/closing_wrapper/closing_wrapper__ftp__billing.py,real_code,synthesized,synth:closing_wrapper,train,0,0,,EC-CTX-04,8,client,ftplib.FTP,SOCKET,billing_ftp,,SAFE,2.0,0.0,0.0,0.0,0.0,0.0,0.0,0.0,0.0,1.0,0.0,2.0,0.0,0.0,0.0
S-0115#8:client,S-0115,dataset/real_code/synthesized/closing_wrapper/closing_wrapper__smtp__ingest.py,real_code,synthesized,synth:closing_wrapper,train,0,0,,EC-CTX-04,8,client,smtplib.SMTP,SOCKET,ingest_smtp,,SAFE,2.0,0.0,0.0,0.0,0.0,0.0,0.0,0.0,0.0,1.0,0.0,2.0,0.0,0.0,0.0
S-0116#8:client,S-0116,dataset/real_code/synthesized/closing_wrapper/closing_wrapper__smtp__billing.py,real_code,synthesized,synth:closing_wrapper,train,0,0,,EC-CTX-04,8,client,smtplib.SMTP,SOCKET,billing_smtp,,SAFE,2.0,0.0,0.0,0.0,0.0,0.0,0.0,0.0,0.0,1.0,0.0,2.0,0.0,0.0,0.0
S-0117#8:connection,S-0117,dataset/real_code/synthesized/closing_wrapper/closing_wrapper__sqlite__ingest.py,real_code,synthesized,synth:closing_wrapper,train,0,0,,EC-CTX-04,8,connection,sqlite3.connect,DB,ingest_sqlite,,SAFE,3.0,0.0,0.0,0.0,0.0,0.0,0.0,0.0,0.0,1.0,0.0,3.0,0.0,0.0,0.0
S-0118#8:connection,S-0118,dataset/real_code/synthesized/closing_wrapper/closing_wrapper__sqlite__billing.py,real_code,synthesized,synth:closing_wrapper,train,0,0,,EC-CTX-04,8,connection,sqlite3.connect,DB,billing_sqlite,,SAFE,3.0,0.0,0.0,0.0,0.0,0.0,0.0,0.0,0.0,1.0,0.0,3.0,0.0,0.0,0.0
S-0119#8:connection,S-0119,dataset/real_code/synthesized/closing_wrapper/closing_wrapper__postgres__ingest.py,real_code,synthesized,synth:closing_wrapper,train,0,0,,EC-CTX-04,8,connection,psycopg2.connect,DB,ingest_postgres,,SAFE,3.0,0.0,0.0,0.0,0.0,0.0,0.0,0.0,0.0,1.0,0.0,3.0,0.0,0.0,0.0
S-0120#8:connection,S-0120,dataset/real_code/synthesized/closing_wrapper/closing_wrapper__postgres__billing.py,real_code,synthesized,synth:closing_wrapper,train,0,0,,EC-CTX-04,8,connection,psycopg2.connect,DB,billing_postgres,,SAFE,3.0,0.0,0.0,0.0,0.0,0.0,0.0,0.0,0.0,1.0,0.0,3.0,0.0,0.0,0.0
S-0121#8:connection,S-0121,dataset/real_code/synthesized/closing_wrapper/closing_wrapper__mysql__ingest.py,real_code,synthesized,synth:closing_wrapper,train,0,0,,EC-CTX-04,8,connection,pymysql.connect,DB,ingest_mysql,,SAFE,3.0,0.0,0.0,0.0,0.0,0.0,0.0,0.0,0.0,1.0,0.0,3.0,0.0,0.0,0.0
S-0122#8:connection,S-0122,dataset/real_code/synthesized/closing_wrapper/closing_wrapper__mysql__billing.py,real_code,synthesized,synth:closing_wrapper,train,0,0,,EC-CTX-04,8,connection,pymysql.connect,DB,billing_mysql,,SAFE,3.0,0.0,0.0,0.0,0.0,0.0,0.0,0.0,0.0,1.0,0.0,3.0,0.0,0.0,0.0
S-0123#8:client,S-0123,dataset/real_code/synthesized/closing_wrapper/closing_wrapper__redis_client__ingest.py,real_code,synthesized,synth:closing_wrapper,train,0,0,,EC-CTX-04,8,client,redis.Redis,DB,ingest_redis_client,,SAFE,2.5,0.0,0.0,0.0,0.0,0.0,0.0,0.0,0.0,1.0,0.0,2.5,0.0,0.0,0.0
S-0124#8:client,S-0124,dataset/real_code/synthesized/closing_wrapper/closing_wrapper__redis_client__billing.py,real_code,synthesized,synth:closing_wrapper,train,0,0,,EC-CTX-04,8,client,redis.Redis,DB,billing_redis_client,,SAFE,2.5,0.0,0.0,0.0,0.0,0.0,0.0,0.0,0.0,1.0,0.0,2.5,0.0,0.0,0.0
S-0125#8:client,S-0125,dataset/real_code/synthesized/closing_wrapper/closing_wrapper__mongo__ingest.py,real_code,synthesized,synth:closing_wrapper,train,0,0,,EC-CTX-04,8,client,pymongo.MongoClient,DB,ingest_mongo,,SAFE,3.0,0.0,0.0,0.0,0.0,0.0,0.0,0.0,0.0,1.0,0.0,3.0,0.0,0.0,0.0
S-0126#8:client,S-0126,dataset/real_code/synthesized/closing_wrapper/closing_wrapper__mongo__billing.py,real_code,synthesized,synth:closing_wrapper,train,0,0,,EC-CTX-04,8,client,pymongo.MongoClient,DB,billing_mongo,,SAFE,3.0,0.0,0.0,0.0,0.0,0.0,0.0,0.0,0.0,1.0,0.0,3.0,0.0,0.0,0.0
S-0127#8:pool,S-0127,dataset/real_code/synthesized/closing_wrapper/closing_wrapper__process_pool__ingest.py,real_code,synthesized,synth:closing_wrapper,train,0,0,,EC-CTX-04,8,pool,multiprocessing.Pool,POOL,ingest_process_pool,,SAFE,2.5,0.0,0.0,0.0,0.0,0.0,0.0,0.0,0.0,0.0,0.0,2.5,0.0,0.0,0.0
S-0128#8:pool,S-0128,dataset/real_code/synthesized/closing_wrapper/closing_wrapper__process_pool__billing.py,real_code,synthesized,synth:closing_wrapper,train,0,0,,EC-CTX-04,8,pool,multiprocessing.Pool,POOL,billing_process_pool,,SAFE,2.5,0.0,0.0,0.0,0.0,0.0,0.0,0.0,0.0,0.0,0.0,2.5,0.0,0.0,0.0
S-0129#8:handle,S-0129,dataset/real_code/synthesized/exit_stack/exit_stack__file_text__ingest.py,real_code,synthesized,synth:exit_stack,train,0,0,,EC-CTX-05,8,handle,open,FILE,ingest_file_text,,SAFE,1.0,0.0,0.0,0.0,0.0,0.0,0.0,0.0,0.0,1.0,0.0,1.0,0.0,0.0,0.0
S-0130#8:handle,S-0130,dataset/real_code/synthesized/exit_stack/exit_stack__file_text__billing.py,real_code,synthesized,synth:exit_stack,train,0,0,,EC-CTX-05,8,handle,open,FILE,billing_file_text,,SAFE,1.0,0.0,0.0,0.0,0.0,0.0,0.0,0.0,0.0,1.0,0.0,1.0,0.0,0.0,0.0
S-0131#9:handle,S-0131,dataset/real_code/synthesized/exit_stack/exit_stack__file_binary__ingest.py,real_code,synthesized,synth:exit_stack,train,0,0,,EC-CTX-05,9,handle,io.open,FILE,ingest_file_binary,,SAFE,1.0,0.0,0.0,0.0,0.0,0.0,0.0,0.0,0.0,1.0,0.0,1.0,0.0,0.0,0.0
S-0132#9:handle,S-0132,dataset/real_code/synthesized/exit_stack/exit_stack__file_binary__billing.py,real_code,synthesized,synth:exit_stack,train,0,0,,EC-CTX-05,9,handle,io.open,FILE,billing_file_binary,,SAFE,1.0,0.0,0.0,0.0,0.0,0.0,0.0,0.0,0.0,1.0,0.0,1.0,0.0,0.0,0.0
S-0133#9:handle,S-0133,dataset/real_code/synthesized/exit_stack/exit_stack__file_codecs__ingest.py,real_code,synthesized,synth:exit_stack,train,0,0,,EC-CTX-05,9,handle,codecs.open,FILE,ingest_file_codecs,,SAFE,1.0,0.0,0.0,0.0,0.0,0.0,0.0,0.0,0.0,1.0,0.0,1.0,0.0,0.0,0.0
S-0134#9:handle,S-0134,dataset/real_code/synthesized/exit_stack/exit_stack__file_codecs__billing.py,real_code,synthesized,synth:exit_stack,train,0,0,,EC-CTX-05,9,handle,codecs.open,FILE,billing_file_codecs,,SAFE,1.0,0.0,0.0,0.0,0.0,0.0,0.0,0.0,0.0,1.0,0.0,1.0,0.0,0.0,0.0
S-0135#9:handle,S-0135,dataset/real_code/synthesized/exit_stack/exit_stack__file_gzip__ingest.py,real_code,synthesized,synth:exit_stack,train,0,0,,EC-CTX-05,9,handle,gzip.open,FILE,ingest_file_gzip,,SAFE,1.0,0.0,0.0,0.0,0.0,0.0,0.0,0.0,0.0,1.0,0.0,1.0,0.0,0.0,0.0
S-0136#9:handle,S-0136,dataset/real_code/synthesized/exit_stack/exit_stack__file_gzip__billing.py,real_code,synthesized,synth:exit_stack,train,0,0,,EC-CTX-05,9,handle,gzip.open,FILE,billing_file_gzip,,SAFE,1.0,0.0,0.0,0.0,0.0,0.0,0.0,0.0,0.0,1.0,0.0,1.0,0.0,0.0,0.0
S-0137#9:handle,S-0137,dataset/real_code/synthesized/exit_stack/exit_stack__file_temp__ingest.py,real_code,synthesized,synth:exit_stack,train,0,0,,EC-CTX-05,9,handle,tempfile.NamedTemporaryFile,FILE,ingest_file_temp,,SAFE,1.0,0.0,0.0,0.0,0.0,0.0,0.0,0.0,0.0,1.0,0.0,1.0,0.0,0.0,0.0
S-0138#9:handle,S-0138,dataset/real_code/synthesized/exit_stack/exit_stack__file_temp__billing.py,real_code,synthesized,synth:exit_stack,train,0,0,,EC-CTX-05,9,handle,tempfile.NamedTemporaryFile,FILE,billing_file_temp,,SAFE,1.0,0.0,0.0,0.0,0.0,0.0,0.0,0.0,0.0,1.0,0.0,1.0,0.0,0.0,0.0
S-0139#9:archive,S-0139,dataset/real_code/synthesized/exit_stack/exit_stack__file_zip__ingest.py,real_code,synthesized,synth:exit_stack,train,0,0,,EC-CTX-05,9,archive,zipfile.ZipFile,FILE,ingest_file_zip,,SAFE,1.0,0.0,0.0,0.0,0.0,0.0,0.0,0.0,0.0,1.0,0.0,1.0,0.0,0.0,0.0
S-0140#9:archive,S-0140,dataset/real_code/synthesized/exit_stack/exit_stack__file_zip__billing.py,real_code,synthesized,synth:exit_stack,train,0,0,,EC-CTX-05,9,archive,zipfile.ZipFile,FILE,billing_file_zip,,SAFE,1.0,0.0,0.0,0.0,0.0,0.0,0.0,0.0,0.0,1.0,0.0,1.0,0.0,0.0,0.0
S-0141#9:shelf,S-0141,dataset/real_code/synthesized/exit_stack/exit_stack__file_shelf__ingest.py,real_code,synthesized,synth:exit_stack,train,0,0,,EC-CTX-05,9,shelf,shelve.open,FILE,ingest_file_shelf,,SAFE,1.0,0.0,0.0,0.0,0.0,0.0,0.0,0.0,0.0,1.0,0.0,1.0,0.0,0.0,0.0
S-0142#9:shelf,S-0142,dataset/real_code/synthesized/exit_stack/exit_stack__file_shelf__billing.py,real_code,synthesized,synth:exit_stack,train,0,0,,EC-CTX-05,9,shelf,shelve.open,FILE,billing_file_shelf,,SAFE,1.0,0.0,0.0,0.0,0.0,0.0,0.0,0.0,0.0,1.0,0.0,1.0,0.0,0.0,0.0
S-0143#9:archive,S-0143,dataset/real_code/synthesized/exit_stack/exit_stack__file_tar__ingest.py,real_code,synthesized,synth:exit_stack,train,0,0,,EC-CTX-05,9,archive,tarfile.open,FILE,ingest_file_tar,,SAFE,1.0,0.0,0.0,0.0,0.0,0.0,0.0,0.0,0.0,1.0,0.0,1.0,0.0,0.0,0.0
S-0144#9:archive,S-0144,dataset/real_code/synthesized/exit_stack/exit_stack__file_tar__billing.py,real_code,synthesized,synth:exit_stack,train,0,0,,EC-CTX-05,9,archive,tarfile.open,FILE,billing_file_tar,,SAFE,1.0,0.0,0.0,0.0,0.0,0.0,0.0,0.0,0.0,1.0,0.0,1.0,0.0,0.0,0.0
S-0145#9:connection,S-0145,dataset/real_code/synthesized/exit_stack/exit_stack__socket_raw__ingest.py,real_code,synthesized,synth:exit_stack,train,0,0,,EC-CTX-05,9,connection,socket.socket,SOCKET,ingest_socket_raw,,SAFE,2.0,0.0,0.0,0.0,0.0,0.0,0.0,0.0,0.0,1.0,0.0,2.0,0.0,0.0,0.0
S-0146#9:connection,S-0146,dataset/real_code/synthesized/exit_stack/exit_stack__socket_raw__billing.py,real_code,synthesized,synth:exit_stack,train,0,0,,EC-CTX-05,9,connection,socket.socket,SOCKET,billing_socket_raw,,SAFE,2.0,0.0,0.0,0.0,0.0,0.0,0.0,0.0,0.0,1.0,0.0,2.0,0.0,0.0,0.0
S-0147#9:connection,S-0147,dataset/real_code/synthesized/exit_stack/exit_stack__socket_connect__ingest.py,real_code,synthesized,synth:exit_stack,train,0,0,,EC-CTX-05,9,connection,socket.create_connection,SOCKET,ingest_socket_connect,,SAFE,2.0,0.0,0.0,0.0,0.0,0.0,0.0,0.0,0.0,1.0,0.0,2.0,0.0,0.0,0.0
S-0148#9:connection,S-0148,dataset/real_code/synthesized/exit_stack/exit_stack__socket_connect__billing.py,real_code,synthesized,synth:exit_stack,train,0,0,,EC-CTX-05,9,connection,socket.create_connection,SOCKET,billing_socket_connect,,SAFE,2.0,0.0,0.0,0.0,0.0,0.0,0.0,0.0,0.0,1.0,0.0,2.0,0.0,0.0,0.0
S-0149#9:connection,S-0149,dataset/real_code/synthesized/exit_stack/exit_stack__http_conn__ingest.py,real_code,synthesized,synth:exit_stack,train,0,0,,EC-CTX-05,9,connection,http.client.HTTPSConnection,SOCKET,ingest_http_conn,,SAFE,2.0,0.0,0.0,0.0,0.0,0.0,0.0,0.0,0.0,1.0,0.0,2.0,0.0,0.0,0.0
S-0150#9:connection,S-0150,dataset/real_code/synthesized/exit_stack/exit_stack__http_conn__billing.py,real_code,synthesized,synth:exit_stack,train,0,0,,EC-CTX-05,9,connection,http.client.HTTPSConnection,SOCKET,billing_http_conn,,SAFE,2.0,0.0,0.0,0.0,0.0,0.0,0.0,0.0,0.0,1.0,0.0,2.0,0.0,0.0,0.0
S-0151#9:response,S-0151,dataset/real_code/synthesized/exit_stack/exit_stack__urlopen__ingest.py,real_code,synthesized,synth:exit_stack,train,0,0,,EC-CTX-05,9,response,urllib.request.urlopen,SOCKET,ingest_urlopen,,SAFE,2.0,0.0,0.0,0.0,0.0,0.0,0.0,0.0,0.0,1.0,0.0,2.0,0.0,0.0,0.0
S-0152#9:response,S-0152,dataset/real_code/synthesized/exit_stack/exit_stack__urlopen__billing.py,real_code,synthesized,synth:exit_stack,train,0,0,,EC-CTX-05,9,response,urllib.request.urlopen,SOCKET,billing_urlopen,,SAFE,2.0,0.0,0.0,0.0,0.0,0.0,0.0,0.0,0.0,1.0,0.0,2.0,0.0,0.0,0.0
S-0153#9:session,S-0153,dataset/real_code/synthesized/exit_stack/exit_stack__session__ingest.py,real_code,synthesized,synth:exit_stack,train,0,0,,EC-CTX-05,9,session,requests.Session,SESSION,ingest_session,,SAFE,1.5,0.0,0.0,0.0,0.0,0.0,0.0,0.0,0.0,1.0,0.0,1.5,0.0,0.0,0.0
S-0154#9:session,S-0154,dataset/real_code/synthesized/exit_stack/exit_stack__session__billing.py,real_code,synthesized,synth:exit_stack,train,0,0,,EC-CTX-05,9,session,requests.Session,SESSION,billing_session,,SAFE,1.5,0.0,0.0,0.0,0.0,0.0,0.0,0.0,0.0,1.0,0.0,1.5,0.0,0.0,0.0
S-0155#9:client,S-0155,dataset/real_code/synthesized/exit_stack/exit_stack__ftp__ingest.py,real_code,synthesized,synth:exit_stack,train,0,0,,EC-CTX-05,9,client,ftplib.FTP,SOCKET,ingest_ftp,,SAFE,2.0,0.0,0.0,0.0,0.0,0.0,0.0,0.0,0.0,1.0,0.0,2.0,0.0,0.0,0.0
S-0156#9:client,S-0156,dataset/real_code/synthesized/exit_stack/exit_stack__ftp__billing.py,real_code,synthesized,synth:exit_stack,train,0,0,,EC-CTX-05,9,client,ftplib.FTP,SOCKET,billing_ftp,,SAFE,2.0,0.0,0.0,0.0,0.0,0.0,0.0,0.0,0.0,1.0,0.0,2.0,0.0,0.0,0.0
S-0157#9:client,S-0157,dataset/real_code/synthesized/exit_stack/exit_stack__smtp__ingest.py,real_code,synthesized,synth:exit_stack,train,0,0,,EC-CTX-05,9,client,smtplib.SMTP,SOCKET,ingest_smtp,,SAFE,2.0,0.0,0.0,0.0,0.0,0.0,0.0,0.0,0.0,1.0,0.0,2.0,0.0,0.0,0.0
S-0158#9:client,S-0158,dataset/real_code/synthesized/exit_stack/exit_stack__smtp__billing.py,real_code,synthesized,synth:exit_stack,train,0,0,,EC-CTX-05,9,client,smtplib.SMTP,SOCKET,billing_smtp,,SAFE,2.0,0.0,0.0,0.0,0.0,0.0,0.0,0.0,0.0,1.0,0.0,2.0,0.0,0.0,0.0
S-0159#9:connection,S-0159,dataset/real_code/synthesized/exit_stack/exit_stack__sqlite__ingest.py,real_code,synthesized,synth:exit_stack,train,0,0,,EC-CTX-05,9,connection,sqlite3.connect,DB,ingest_sqlite,,SAFE,3.0,0.0,0.0,0.0,0.0,0.0,0.0,0.0,0.0,1.0,0.0,3.0,0.0,0.0,0.0
S-0160#9:connection,S-0160,dataset/real_code/synthesized/exit_stack/exit_stack__sqlite__billing.py,real_code,synthesized,synth:exit_stack,train,0,0,,EC-CTX-05,9,connection,sqlite3.connect,DB,billing_sqlite,,SAFE,3.0,0.0,0.0,0.0,0.0,0.0,0.0,0.0,0.0,1.0,0.0,3.0,0.0,0.0,0.0
S-0161#9:connection,S-0161,dataset/real_code/synthesized/exit_stack/exit_stack__postgres__ingest.py,real_code,synthesized,synth:exit_stack,train,0,0,,EC-CTX-05,9,connection,psycopg2.connect,DB,ingest_postgres,,SAFE,3.0,0.0,0.0,0.0,0.0,0.0,0.0,0.0,0.0,1.0,0.0,3.0,0.0,0.0,0.0
S-0162#9:connection,S-0162,dataset/real_code/synthesized/exit_stack/exit_stack__postgres__billing.py,real_code,synthesized,synth:exit_stack,train,0,0,,EC-CTX-05,9,connection,psycopg2.connect,DB,billing_postgres,,SAFE,3.0,0.0,0.0,0.0,0.0,0.0,0.0,0.0,0.0,1.0,0.0,3.0,0.0,0.0,0.0
S-0163#9:connection,S-0163,dataset/real_code/synthesized/exit_stack/exit_stack__mysql__ingest.py,real_code,synthesized,synth:exit_stack,train,0,0,,EC-CTX-05,9,connection,pymysql.connect,DB,ingest_mysql,,SAFE,3.0,0.0,0.0,0.0,0.0,0.0,0.0,0.0,0.0,1.0,0.0,3.0,0.0,0.0,0.0
S-0164#9:connection,S-0164,dataset/real_code/synthesized/exit_stack/exit_stack__mysql__billing.py,real_code,synthesized,synth:exit_stack,train,0,0,,EC-CTX-05,9,connection,pymysql.connect,DB,billing_mysql,,SAFE,3.0,0.0,0.0,0.0,0.0,0.0,0.0,0.0,0.0,1.0,0.0,3.0,0.0,0.0,0.0
S-0165#9:client,S-0165,dataset/real_code/synthesized/exit_stack/exit_stack__redis_client__ingest.py,real_code,synthesized,synth:exit_stack,train,0,0,,EC-CTX-05,9,client,redis.Redis,DB,ingest_redis_client,,SAFE,2.5,0.0,0.0,0.0,0.0,0.0,0.0,0.0,0.0,1.0,0.0,2.5,0.0,0.0,0.0
S-0166#9:client,S-0166,dataset/real_code/synthesized/exit_stack/exit_stack__redis_client__billing.py,real_code,synthesized,synth:exit_stack,train,0,0,,EC-CTX-05,9,client,redis.Redis,DB,billing_redis_client,,SAFE,2.5,0.0,0.0,0.0,0.0,0.0,0.0,0.0,0.0,1.0,0.0,2.5,0.0,0.0,0.0
S-0167#9:client,S-0167,dataset/real_code/synthesized/exit_stack/exit_stack__mongo__ingest.py,real_code,synthesized,synth:exit_stack,train,0,0,,EC-CTX-05,9,client,pymongo.MongoClient,DB,ingest_mongo,,SAFE,3.0,0.0,0.0,0.0,0.0,0.0,0.0,0.0,0.0,1.0,0.0,3.0,0.0,0.0,0.0
S-0168#9:client,S-0168,dataset/real_code/synthesized/exit_stack/exit_stack__mongo__billing.py,real_code,synthesized,synth:exit_stack,train,0,0,,EC-CTX-05,9,client,pymongo.MongoClient,DB,billing_mongo,,SAFE,3.0,0.0,0.0,0.0,0.0,0.0,0.0,0.0,0.0,1.0,0.0,3.0,0.0,0.0,0.0
S-0169#9:pool,S-0169,dataset/real_code/synthesized/exit_stack/exit_stack__process_pool__ingest.py,real_code,synthesized,synth:exit_stack,train,0,0,,EC-CTX-05,9,pool,multiprocessing.Pool,POOL,ingest_process_pool,,SAFE,2.5,0.0,0.0,0.0,0.0,0.0,0.0,0.0,0.0,0.0,0.0,2.5,0.0,0.0,0.0
S-0170#9:pool,S-0170,dataset/real_code/synthesized/exit_stack/exit_stack__process_pool__billing.py,real_code,synthesized,synth:exit_stack,train,0,0,,EC-CTX-05,9,pool,multiprocessing.Pool,POOL,billing_process_pool,,SAFE,2.5,0.0,0.0,0.0,0.0,0.0,0.0,0.0,0.0,0.0,0.0,2.5,0.0,0.0,0.0
S-0171#7:handle,S-0171,dataset/real_code/synthesized/try_except_finally/try_except_finally__file_text__ingest.py,real_code,synthesized,synth:try_except_finally,train,0,0,,EC-CF-06,7,handle,open,FILE,ingest_file_text,,SAFE,1.0,0.0,0.0,0.0,0.0,0.0,0.0,0.0,0.0,1.0,0.0,1.0,0.0,0.0,0.0
S-0172#7:handle,S-0172,dataset/real_code/synthesized/try_except_finally/try_except_finally__file_text__billing.py,real_code,synthesized,synth:try_except_finally,train,0,0,,EC-CF-06,7,handle,open,FILE,billing_file_text,,SAFE,1.0,0.0,0.0,0.0,0.0,0.0,0.0,0.0,0.0,1.0,0.0,1.0,0.0,0.0,0.0
S-0173#8:handle,S-0173,dataset/real_code/synthesized/try_except_finally/try_except_finally__file_binary__ingest.py,real_code,synthesized,synth:try_except_finally,train,0,0,,EC-CF-06,8,handle,io.open,FILE,ingest_file_binary,,SAFE,1.0,0.0,0.0,0.0,0.0,0.0,0.0,0.0,0.0,1.0,0.0,1.0,0.0,0.0,0.0
S-0174#8:handle,S-0174,dataset/real_code/synthesized/try_except_finally/try_except_finally__file_binary__billing.py,real_code,synthesized,synth:try_except_finally,train,0,0,,EC-CF-06,8,handle,io.open,FILE,billing_file_binary,,SAFE,1.0,0.0,0.0,0.0,0.0,0.0,0.0,0.0,0.0,1.0,0.0,1.0,0.0,0.0,0.0
S-0175#8:handle,S-0175,dataset/real_code/synthesized/try_except_finally/try_except_finally__file_codecs__ingest.py,real_code,synthesized,synth:try_except_finally,train,0,0,,EC-CF-06,8,handle,codecs.open,FILE,ingest_file_codecs,,SAFE,1.0,0.0,0.0,0.0,0.0,0.0,0.0,0.0,0.0,1.0,0.0,1.0,0.0,0.0,0.0
S-0176#8:handle,S-0176,dataset/real_code/synthesized/try_except_finally/try_except_finally__file_codecs__billing.py,real_code,synthesized,synth:try_except_finally,train,0,0,,EC-CF-06,8,handle,codecs.open,FILE,billing_file_codecs,,SAFE,1.0,0.0,0.0,0.0,0.0,0.0,0.0,0.0,0.0,1.0,0.0,1.0,0.0,0.0,0.0
S-0177#8:handle,S-0177,dataset/real_code/synthesized/try_except_finally/try_except_finally__file_gzip__ingest.py,real_code,synthesized,synth:try_except_finally,train,0,0,,EC-CF-06,8,handle,gzip.open,FILE,ingest_file_gzip,,SAFE,1.0,0.0,0.0,0.0,0.0,0.0,0.0,0.0,0.0,1.0,0.0,1.0,0.0,0.0,0.0
S-0178#8:handle,S-0178,dataset/real_code/synthesized/try_except_finally/try_except_finally__file_gzip__billing.py,real_code,synthesized,synth:try_except_finally,train,0,0,,EC-CF-06,8,handle,gzip.open,FILE,billing_file_gzip,,SAFE,1.0,0.0,0.0,0.0,0.0,0.0,0.0,0.0,0.0,1.0,0.0,1.0,0.0,0.0,0.0
S-0179#8:handle,S-0179,dataset/real_code/synthesized/try_except_finally/try_except_finally__file_temp__ingest.py,real_code,synthesized,synth:try_except_finally,train,0,0,,EC-CF-06,8,handle,tempfile.NamedTemporaryFile,FILE,ingest_file_temp,,SAFE,1.0,0.0,0.0,0.0,0.0,0.0,0.0,0.0,0.0,1.0,0.0,1.0,0.0,0.0,0.0
S-0180#8:handle,S-0180,dataset/real_code/synthesized/try_except_finally/try_except_finally__file_temp__billing.py,real_code,synthesized,synth:try_except_finally,train,0,0,,EC-CF-06,8,handle,tempfile.NamedTemporaryFile,FILE,billing_file_temp,,SAFE,1.0,0.0,0.0,0.0,0.0,0.0,0.0,0.0,0.0,1.0,0.0,1.0,0.0,0.0,0.0
S-0181#8:archive,S-0181,dataset/real_code/synthesized/try_except_finally/try_except_finally__file_zip__ingest.py,real_code,synthesized,synth:try_except_finally,train,0,0,,EC-CF-06,8,archive,zipfile.ZipFile,FILE,ingest_file_zip,,SAFE,1.0,0.0,0.0,0.0,0.0,0.0,0.0,0.0,0.0,1.0,0.0,1.0,0.0,0.0,0.0
S-0182#8:archive,S-0182,dataset/real_code/synthesized/try_except_finally/try_except_finally__file_zip__billing.py,real_code,synthesized,synth:try_except_finally,train,0,0,,EC-CF-06,8,archive,zipfile.ZipFile,FILE,billing_file_zip,,SAFE,1.0,0.0,0.0,0.0,0.0,0.0,0.0,0.0,0.0,1.0,0.0,1.0,0.0,0.0,0.0
S-0183#8:shelf,S-0183,dataset/real_code/synthesized/try_except_finally/try_except_finally__file_shelf__ingest.py,real_code,synthesized,synth:try_except_finally,train,0,0,,EC-CF-06,8,shelf,shelve.open,FILE,ingest_file_shelf,,SAFE,1.0,0.0,0.0,0.0,0.0,0.0,0.0,0.0,0.0,1.0,0.0,1.0,0.0,0.0,0.0
S-0184#8:shelf,S-0184,dataset/real_code/synthesized/try_except_finally/try_except_finally__file_shelf__billing.py,real_code,synthesized,synth:try_except_finally,train,0,0,,EC-CF-06,8,shelf,shelve.open,FILE,billing_file_shelf,,SAFE,1.0,0.0,0.0,0.0,0.0,0.0,0.0,0.0,0.0,1.0,0.0,1.0,0.0,0.0,0.0
S-0185#8:archive,S-0185,dataset/real_code/synthesized/try_except_finally/try_except_finally__file_tar__ingest.py,real_code,synthesized,synth:try_except_finally,train,0,0,,EC-CF-06,8,archive,tarfile.open,FILE,ingest_file_tar,,SAFE,1.0,0.0,0.0,0.0,0.0,0.0,0.0,0.0,0.0,1.0,0.0,1.0,0.0,0.0,0.0
S-0186#8:archive,S-0186,dataset/real_code/synthesized/try_except_finally/try_except_finally__file_tar__billing.py,real_code,synthesized,synth:try_except_finally,train,0,0,,EC-CF-06,8,archive,tarfile.open,FILE,billing_file_tar,,SAFE,1.0,0.0,0.0,0.0,0.0,0.0,0.0,0.0,0.0,1.0,0.0,1.0,0.0,0.0,0.0
S-0187#8:connection,S-0187,dataset/real_code/synthesized/try_except_finally/try_except_finally__socket_raw__ingest.py,real_code,synthesized,synth:try_except_finally,train,0,0,,EC-CF-06,8,connection,socket.socket,SOCKET,ingest_socket_raw,,SAFE,2.0,0.0,0.0,0.0,0.0,0.0,0.0,0.0,0.0,1.0,0.0,2.0,0.0,0.0,0.0
S-0188#8:connection,S-0188,dataset/real_code/synthesized/try_except_finally/try_except_finally__socket_raw__billing.py,real_code,synthesized,synth:try_except_finally,train,0,0,,EC-CF-06,8,connection,socket.socket,SOCKET,billing_socket_raw,,SAFE,2.0,0.0,0.0,0.0,0.0,0.0,0.0,0.0,0.0,1.0,0.0,2.0,0.0,0.0,0.0
S-0189#8:connection,S-0189,dataset/real_code/synthesized/try_except_finally/try_except_finally__socket_connect__ingest.py,real_code,synthesized,synth:try_except_finally,train,0,0,,EC-CF-06,8,connection,socket.create_connection,SOCKET,ingest_socket_connect,,SAFE,2.0,0.0,0.0,0.0,0.0,0.0,0.0,0.0,0.0,1.0,0.0,2.0,0.0,0.0,0.0
S-0190#8:connection,S-0190,dataset/real_code/synthesized/try_except_finally/try_except_finally__socket_connect__billing.py,real_code,synthesized,synth:try_except_finally,train,0,0,,EC-CF-06,8,connection,socket.create_connection,SOCKET,billing_socket_connect,,SAFE,2.0,0.0,0.0,0.0,0.0,0.0,0.0,0.0,0.0,1.0,0.0,2.0,0.0,0.0,0.0
S-0191#8:connection,S-0191,dataset/real_code/synthesized/try_except_finally/try_except_finally__http_conn__ingest.py,real_code,synthesized,synth:try_except_finally,train,0,0,,EC-CF-06,8,connection,http.client.HTTPSConnection,SOCKET,ingest_http_conn,,SAFE,2.0,0.0,0.0,0.0,0.0,0.0,0.0,0.0,0.0,1.0,0.0,2.0,0.0,0.0,0.0
S-0192#8:connection,S-0192,dataset/real_code/synthesized/try_except_finally/try_except_finally__http_conn__billing.py,real_code,synthesized,synth:try_except_finally,train,0,0,,EC-CF-06,8,connection,http.client.HTTPSConnection,SOCKET,billing_http_conn,,SAFE,2.0,0.0,0.0,0.0,0.0,0.0,0.0,0.0,0.0,1.0,0.0,2.0,0.0,0.0,0.0
S-0193#8:response,S-0193,dataset/real_code/synthesized/try_except_finally/try_except_finally__urlopen__ingest.py,real_code,synthesized,synth:try_except_finally,train,0,0,,EC-CF-06,8,response,urllib.request.urlopen,SOCKET,ingest_urlopen,,SAFE,2.0,0.0,0.0,0.0,0.0,0.0,0.0,0.0,0.0,1.0,0.0,2.0,0.0,0.0,0.0
S-0194#8:response,S-0194,dataset/real_code/synthesized/try_except_finally/try_except_finally__urlopen__billing.py,real_code,synthesized,synth:try_except_finally,train,0,0,,EC-CF-06,8,response,urllib.request.urlopen,SOCKET,billing_urlopen,,SAFE,2.0,0.0,0.0,0.0,0.0,0.0,0.0,0.0,0.0,1.0,0.0,2.0,0.0,0.0,0.0
S-0195#8:session,S-0195,dataset/real_code/synthesized/try_except_finally/try_except_finally__session__ingest.py,real_code,synthesized,synth:try_except_finally,train,0,0,,EC-CF-06,8,session,requests.Session,SESSION,ingest_session,,SAFE,1.5,0.0,0.0,0.0,0.0,0.0,0.0,0.0,0.0,1.0,0.0,1.5,0.0,0.0,0.0
S-0196#8:session,S-0196,dataset/real_code/synthesized/try_except_finally/try_except_finally__session__billing.py,real_code,synthesized,synth:try_except_finally,train,0,0,,EC-CF-06,8,session,requests.Session,SESSION,billing_session,,SAFE,1.5,0.0,0.0,0.0,0.0,0.0,0.0,0.0,0.0,1.0,0.0,1.5,0.0,0.0,0.0
S-0197#8:client,S-0197,dataset/real_code/synthesized/try_except_finally/try_except_finally__ftp__ingest.py,real_code,synthesized,synth:try_except_finally,train,0,0,,EC-CF-06,8,client,ftplib.FTP,SOCKET,ingest_ftp,,SAFE,2.0,0.0,0.0,0.0,0.0,0.0,0.0,0.0,0.0,1.0,0.0,2.0,0.0,0.0,0.0
S-0198#8:client,S-0198,dataset/real_code/synthesized/try_except_finally/try_except_finally__ftp__billing.py,real_code,synthesized,synth:try_except_finally,train,0,0,,EC-CF-06,8,client,ftplib.FTP,SOCKET,billing_ftp,,SAFE,2.0,0.0,0.0,0.0,0.0,0.0,0.0,0.0,0.0,1.0,0.0,2.0,0.0,0.0,0.0
S-0199#8:client,S-0199,dataset/real_code/synthesized/try_except_finally/try_except_finally__smtp__ingest.py,real_code,synthesized,synth:try_except_finally,train,0,0,,EC-CF-06,8,client,smtplib.SMTP,SOCKET,ingest_smtp,,SAFE,2.0,0.0,0.0,0.0,0.0,0.0,0.0,0.0,0.0,1.0,0.0,2.0,0.0,0.0,0.0
S-0200#8:client,S-0200,dataset/real_code/synthesized/try_except_finally/try_except_finally__smtp__billing.py,real_code,synthesized,synth:try_except_finally,train,0,0,,EC-CF-06,8,client,smtplib.SMTP,SOCKET,billing_smtp,,SAFE,2.0,0.0,0.0,0.0,0.0,0.0,0.0,0.0,0.0,1.0,0.0,2.0,0.0,0.0,0.0
S-0201#8:connection,S-0201,dataset/real_code/synthesized/try_except_finally/try_except_finally__sqlite__ingest.py,real_code,synthesized,synth:try_except_finally,train,0,0,,EC-CF-06,8,connection,sqlite3.connect,DB,ingest_sqlite,,SAFE,3.0,0.0,0.0,0.0,0.0,0.0,0.0,0.0,0.0,1.0,0.0,3.0,0.0,0.0,0.0
S-0202#8:connection,S-0202,dataset/real_code/synthesized/try_except_finally/try_except_finally__sqlite__billing.py,real_code,synthesized,synth:try_except_finally,train,0,0,,EC-CF-06,8,connection,sqlite3.connect,DB,billing_sqlite,,SAFE,3.0,0.0,0.0,0.0,0.0,0.0,0.0,0.0,0.0,1.0,0.0,3.0,0.0,0.0,0.0
S-0203#8:connection,S-0203,dataset/real_code/synthesized/try_except_finally/try_except_finally__postgres__ingest.py,real_code,synthesized,synth:try_except_finally,train,0,0,,EC-CF-06,8,connection,psycopg2.connect,DB,ingest_postgres,,SAFE,3.0,0.0,0.0,0.0,0.0,0.0,0.0,0.0,0.0,1.0,0.0,3.0,0.0,0.0,0.0
S-0204#8:connection,S-0204,dataset/real_code/synthesized/try_except_finally/try_except_finally__postgres__billing.py,real_code,synthesized,synth:try_except_finally,train,0,0,,EC-CF-06,8,connection,psycopg2.connect,DB,billing_postgres,,SAFE,3.0,0.0,0.0,0.0,0.0,0.0,0.0,0.0,0.0,1.0,0.0,3.0,0.0,0.0,0.0
S-0205#8:connection,S-0205,dataset/real_code/synthesized/try_except_finally/try_except_finally__mysql__ingest.py,real_code,synthesized,synth:try_except_finally,train,0,0,,EC-CF-06,8,connection,pymysql.connect,DB,ingest_mysql,,SAFE,3.0,0.0,0.0,0.0,0.0,0.0,0.0,0.0,0.0,1.0,0.0,3.0,0.0,0.0,0.0
S-0206#8:connection,S-0206,dataset/real_code/synthesized/try_except_finally/try_except_finally__mysql__billing.py,real_code,synthesized,synth:try_except_finally,train,0,0,,EC-CF-06,8,connection,pymysql.connect,DB,billing_mysql,,SAFE,3.0,0.0,0.0,0.0,0.0,0.0,0.0,0.0,0.0,1.0,0.0,3.0,0.0,0.0,0.0
S-0207#8:client,S-0207,dataset/real_code/synthesized/try_except_finally/try_except_finally__redis_client__ingest.py,real_code,synthesized,synth:try_except_finally,train,0,0,,EC-CF-06,8,client,redis.Redis,DB,ingest_redis_client,,SAFE,2.5,0.0,0.0,0.0,0.0,0.0,0.0,0.0,0.0,1.0,0.0,2.5,0.0,0.0,0.0
S-0208#8:client,S-0208,dataset/real_code/synthesized/try_except_finally/try_except_finally__redis_client__billing.py,real_code,synthesized,synth:try_except_finally,train,0,0,,EC-CF-06,8,client,redis.Redis,DB,billing_redis_client,,SAFE,2.5,0.0,0.0,0.0,0.0,0.0,0.0,0.0,0.0,1.0,0.0,2.5,0.0,0.0,0.0
S-0209#8:client,S-0209,dataset/real_code/synthesized/try_except_finally/try_except_finally__mongo__ingest.py,real_code,synthesized,synth:try_except_finally,train,0,0,,EC-CF-06,8,client,pymongo.MongoClient,DB,ingest_mongo,,SAFE,3.0,0.0,0.0,0.0,0.0,0.0,0.0,0.0,0.0,1.0,0.0,3.0,0.0,0.0,0.0
S-0210#8:client,S-0210,dataset/real_code/synthesized/try_except_finally/try_except_finally__mongo__billing.py,real_code,synthesized,synth:try_except_finally,train,0,0,,EC-CF-06,8,client,pymongo.MongoClient,DB,billing_mongo,,SAFE,3.0,0.0,0.0,0.0,0.0,0.0,0.0,0.0,0.0,1.0,0.0,3.0,0.0,0.0,0.0
S-0211#8:process,S-0211,dataset/real_code/synthesized/try_except_finally/try_except_finally__subprocess_popen__ingest.py,real_code,synthesized,synth:try_except_finally,train,0,0,,EC-CF-06,8,process,subprocess.Popen,PROCESS,ingest_subprocess_popen,,SAFE,2.5,0.0,0.0,0.0,0.0,0.0,0.0,0.0,0.0,1.0,0.0,2.5,0.0,0.0,0.0
S-0212#8:process,S-0212,dataset/real_code/synthesized/try_except_finally/try_except_finally__subprocess_popen__billing.py,real_code,synthesized,synth:try_except_finally,train,0,0,,EC-CF-06,8,process,subprocess.Popen,PROCESS,billing_subprocess_popen,,SAFE,2.5,0.0,0.0,0.0,0.0,0.0,0.0,0.0,0.0,1.0,0.0,2.5,0.0,0.0,0.0
S-0213#8:pool,S-0213,dataset/real_code/synthesized/try_except_finally/try_except_finally__process_pool__ingest.py,real_code,synthesized,synth:try_except_finally,train,0,0,,EC-CF-06,8,pool,multiprocessing.Pool,POOL,ingest_process_pool,,SAFE,2.5,0.0,0.0,0.0,0.0,0.0,0.0,0.0,0.0,0.0,0.0,2.5,0.0,0.0,0.0
S-0214#8:pool,S-0214,dataset/real_code/synthesized/try_except_finally/try_except_finally__process_pool__billing.py,real_code,synthesized,synth:try_except_finally,train,0,0,,EC-CF-06,8,pool,multiprocessing.Pool,POOL,billing_process_pool,,SAFE,2.5,0.0,0.0,0.0,0.0,0.0,0.0,0.0,0.0,0.0,0.0,2.5,0.0,0.0,0.0
S-0215#8:pool,S-0215,dataset/real_code/synthesized/try_except_finally/try_except_finally__thread_pool__ingest.py,real_code,synthesized,synth:try_except_finally,train,0,0,,EC-CF-06,8,pool,concurrent.futures.ThreadPoolExecutor,POOL,ingest_thread_pool,,SAFE,2.5,0.0,0.0,0.0,0.0,0.0,0.0,0.0,0.0,0.0,0.0,2.5,0.0,0.0,0.0
S-0216#8:pool,S-0216,dataset/real_code/synthesized/try_except_finally/try_except_finally__thread_pool__billing.py,real_code,synthesized,synth:try_except_finally,train,0,0,,EC-CF-06,8,pool,concurrent.futures.ThreadPoolExecutor,POOL,billing_thread_pool,,SAFE,2.5,0.0,0.0,0.0,0.0,0.0,0.0,0.0,0.0,0.0,0.0,2.5,0.0,0.0,0.0
S-0217#5:handle,S-0217,dataset/real_code/synthesized/both_branches_closed/both_branches_closed__file_text__ingest.py,real_code,synthesized,synth:both_branches_closed,train,0,0,,EC-CF-01,5,handle,open,FILE,ingest_file_text,,SAFE,1.0,0.0,0.0,0.0,0.0,0.0,0.0,0.0,0.0,1.0,0.0,1.0,0.0,0.0,0.0
S-0218#5:handle,S-0218,dataset/real_code/synthesized/both_branches_closed/both_branches_closed__file_text__billing.py,real_code,synthesized,synth:both_branches_closed,train,0,0,,EC-CF-01,5,handle,open,FILE,billing_file_text,,SAFE,1.0,0.0,0.0,0.0,0.0,0.0,0.0,0.0,0.0,1.0,0.0,1.0,0.0,0.0,0.0
S-0219#7:handle,S-0219,dataset/real_code/synthesized/both_branches_closed/both_branches_closed__file_binary__ingest.py,real_code,synthesized,synth:both_branches_closed,train,0,0,,EC-CF-01,7,handle,io.open,FILE,ingest_file_binary,,SAFE,1.0,0.0,0.0,0.0,0.0,0.0,0.0,0.0,0.0,1.0,0.0,1.0,0.0,0.0,0.0
S-0220#7:handle,S-0220,dataset/real_code/synthesized/both_branches_closed/both_branches_closed__file_binary__billing.py,real_code,synthesized,synth:both_branches_closed,train,0,0,,EC-CF-01,7,handle,io.open,FILE,billing_file_binary,,SAFE,1.0,0.0,0.0,0.0,0.0,0.0,0.0,0.0,0.0,1.0,0.0,1.0,0.0,0.0,0.0
S-0221#7:handle,S-0221,dataset/real_code/synthesized/both_branches_closed/both_branches_closed__file_codecs__ingest.py,real_code,synthesized,synth:both_branches_closed,train,0,0,,EC-CF-01,7,handle,codecs.open,FILE,ingest_file_codecs,,SAFE,1.0,0.0,0.0,0.0,0.0,0.0,0.0,0.0,0.0,1.0,0.0,1.0,0.0,0.0,0.0
S-0222#7:handle,S-0222,dataset/real_code/synthesized/both_branches_closed/both_branches_closed__file_codecs__billing.py,real_code,synthesized,synth:both_branches_closed,train,0,0,,EC-CF-01,7,handle,codecs.open,FILE,billing_file_codecs,,SAFE,1.0,0.0,0.0,0.0,0.0,0.0,0.0,0.0,0.0,1.0,0.0,1.0,0.0,0.0,0.0
S-0223#7:handle,S-0223,dataset/real_code/synthesized/both_branches_closed/both_branches_closed__file_gzip__ingest.py,real_code,synthesized,synth:both_branches_closed,train,0,0,,EC-CF-01,7,handle,gzip.open,FILE,ingest_file_gzip,,SAFE,1.0,0.0,0.0,0.0,0.0,0.0,0.0,0.0,0.0,1.0,0.0,1.0,0.0,0.0,0.0
S-0224#7:handle,S-0224,dataset/real_code/synthesized/both_branches_closed/both_branches_closed__file_gzip__billing.py,real_code,synthesized,synth:both_branches_closed,train,0,0,,EC-CF-01,7,handle,gzip.open,FILE,billing_file_gzip,,SAFE,1.0,0.0,0.0,0.0,0.0,0.0,0.0,0.0,0.0,1.0,0.0,1.0,0.0,0.0,0.0
S-0225#7:handle,S-0225,dataset/real_code/synthesized/both_branches_closed/both_branches_closed__file_temp__ingest.py,real_code,synthesized,synth:both_branches_closed,train,0,0,,EC-CF-01,7,handle,tempfile.NamedTemporaryFile,FILE,ingest_file_temp,,SAFE,1.0,0.0,0.0,0.0,0.0,0.0,0.0,0.0,0.0,1.0,0.0,1.0,0.0,0.0,0.0
S-0226#7:handle,S-0226,dataset/real_code/synthesized/both_branches_closed/both_branches_closed__file_temp__billing.py,real_code,synthesized,synth:both_branches_closed,train,0,0,,EC-CF-01,7,handle,tempfile.NamedTemporaryFile,FILE,billing_file_temp,,SAFE,1.0,0.0,0.0,0.0,0.0,0.0,0.0,0.0,0.0,1.0,0.0,1.0,0.0,0.0,0.0
S-0227#7:archive,S-0227,dataset/real_code/synthesized/both_branches_closed/both_branches_closed__file_zip__ingest.py,real_code,synthesized,synth:both_branches_closed,train,0,0,,EC-CF-01,7,archive,zipfile.ZipFile,FILE,ingest_file_zip,,SAFE,1.0,0.0,0.0,0.0,0.0,0.0,0.0,0.0,0.0,1.0,0.0,1.0,0.0,0.0,0.0
S-0228#7:archive,S-0228,dataset/real_code/synthesized/both_branches_closed/both_branches_closed__file_zip__billing.py,real_code,synthesized,synth:both_branches_closed,train,0,0,,EC-CF-01,7,archive,zipfile.ZipFile,FILE,billing_file_zip,,SAFE,1.0,0.0,0.0,0.0,0.0,0.0,0.0,0.0,0.0,1.0,0.0,1.0,0.0,0.0,0.0
S-0229#7:shelf,S-0229,dataset/real_code/synthesized/both_branches_closed/both_branches_closed__file_shelf__ingest.py,real_code,synthesized,synth:both_branches_closed,train,0,0,,EC-CF-01,7,shelf,shelve.open,FILE,ingest_file_shelf,,SAFE,1.0,0.0,0.0,0.0,0.0,0.0,0.0,0.0,0.0,1.0,0.0,1.0,0.0,0.0,0.0
S-0230#7:shelf,S-0230,dataset/real_code/synthesized/both_branches_closed/both_branches_closed__file_shelf__billing.py,real_code,synthesized,synth:both_branches_closed,train,0,0,,EC-CF-01,7,shelf,shelve.open,FILE,billing_file_shelf,,SAFE,1.0,0.0,0.0,0.0,0.0,0.0,0.0,0.0,0.0,1.0,0.0,1.0,0.0,0.0,0.0
S-0231#7:archive,S-0231,dataset/real_code/synthesized/both_branches_closed/both_branches_closed__file_tar__ingest.py,real_code,synthesized,synth:both_branches_closed,train,0,0,,EC-CF-01,7,archive,tarfile.open,FILE,ingest_file_tar,,SAFE,1.0,0.0,0.0,0.0,0.0,0.0,0.0,0.0,0.0,1.0,0.0,1.0,0.0,0.0,0.0
S-0232#7:archive,S-0232,dataset/real_code/synthesized/both_branches_closed/both_branches_closed__file_tar__billing.py,real_code,synthesized,synth:both_branches_closed,train,0,0,,EC-CF-01,7,archive,tarfile.open,FILE,billing_file_tar,,SAFE,1.0,0.0,0.0,0.0,0.0,0.0,0.0,0.0,0.0,1.0,0.0,1.0,0.0,0.0,0.0
S-0233#7:connection,S-0233,dataset/real_code/synthesized/both_branches_closed/both_branches_closed__socket_raw__ingest.py,real_code,synthesized,synth:both_branches_closed,train,0,0,,EC-CF-01,7,connection,socket.socket,SOCKET,ingest_socket_raw,,SAFE,2.0,0.0,0.0,0.0,0.0,0.0,0.0,0.0,0.0,1.0,0.0,2.0,0.0,0.0,0.0
S-0234#7:connection,S-0234,dataset/real_code/synthesized/both_branches_closed/both_branches_closed__socket_raw__billing.py,real_code,synthesized,synth:both_branches_closed,train,0,0,,EC-CF-01,7,connection,socket.socket,SOCKET,billing_socket_raw,,SAFE,2.0,0.0,0.0,0.0,0.0,0.0,0.0,0.0,0.0,1.0,0.0,2.0,0.0,0.0,0.0
S-0235#7:connection,S-0235,dataset/real_code/synthesized/both_branches_closed/both_branches_closed__socket_connect__ingest.py,real_code,synthesized,synth:both_branches_closed,train,0,0,,EC-CF-01,7,connection,socket.create_connection,SOCKET,ingest_socket_connect,,SAFE,2.0,0.0,0.0,0.0,0.0,0.0,0.0,0.0,0.0,1.0,0.0,2.0,0.0,0.0,0.0
S-0236#7:connection,S-0236,dataset/real_code/synthesized/both_branches_closed/both_branches_closed__socket_connect__billing.py,real_code,synthesized,synth:both_branches_closed,train,0,0,,EC-CF-01,7,connection,socket.create_connection,SOCKET,billing_socket_connect,,SAFE,2.0,0.0,0.0,0.0,0.0,0.0,0.0,0.0,0.0,1.0,0.0,2.0,0.0,0.0,0.0
S-0237#7:connection,S-0237,dataset/real_code/synthesized/both_branches_closed/both_branches_closed__http_conn__ingest.py,real_code,synthesized,synth:both_branches_closed,train,0,0,,EC-CF-01,7,connection,http.client.HTTPSConnection,SOCKET,ingest_http_conn,,SAFE,2.0,0.0,0.0,0.0,0.0,0.0,0.0,0.0,0.0,1.0,0.0,2.0,0.0,0.0,0.0
S-0238#7:connection,S-0238,dataset/real_code/synthesized/both_branches_closed/both_branches_closed__http_conn__billing.py,real_code,synthesized,synth:both_branches_closed,train,0,0,,EC-CF-01,7,connection,http.client.HTTPSConnection,SOCKET,billing_http_conn,,SAFE,2.0,0.0,0.0,0.0,0.0,0.0,0.0,0.0,0.0,1.0,0.0,2.0,0.0,0.0,0.0
S-0239#7:response,S-0239,dataset/real_code/synthesized/both_branches_closed/both_branches_closed__urlopen__ingest.py,real_code,synthesized,synth:both_branches_closed,train,0,0,,EC-CF-01,7,response,urllib.request.urlopen,SOCKET,ingest_urlopen,,SAFE,2.0,0.0,0.0,0.0,0.0,0.0,0.0,0.0,0.0,1.0,0.0,2.0,0.0,0.0,0.0
S-0240#7:response,S-0240,dataset/real_code/synthesized/both_branches_closed/both_branches_closed__urlopen__billing.py,real_code,synthesized,synth:both_branches_closed,train,0,0,,EC-CF-01,7,response,urllib.request.urlopen,SOCKET,billing_urlopen,,SAFE,2.0,0.0,0.0,0.0,0.0,0.0,0.0,0.0,0.0,1.0,0.0,2.0,0.0,0.0,0.0
S-0241#7:session,S-0241,dataset/real_code/synthesized/both_branches_closed/both_branches_closed__session__ingest.py,real_code,synthesized,synth:both_branches_closed,train,0,0,,EC-CF-01,7,session,requests.Session,SESSION,ingest_session,,SAFE,1.5,0.0,0.0,0.0,0.0,0.0,0.0,0.0,0.0,1.0,0.0,1.5,0.0,0.0,0.0
S-0242#7:session,S-0242,dataset/real_code/synthesized/both_branches_closed/both_branches_closed__session__billing.py,real_code,synthesized,synth:both_branches_closed,train,0,0,,EC-CF-01,7,session,requests.Session,SESSION,billing_session,,SAFE,1.5,0.0,0.0,0.0,0.0,0.0,0.0,0.0,0.0,1.0,0.0,1.5,0.0,0.0,0.0
S-0243#7:client,S-0243,dataset/real_code/synthesized/both_branches_closed/both_branches_closed__ftp__ingest.py,real_code,synthesized,synth:both_branches_closed,train,0,0,,EC-CF-01,7,client,ftplib.FTP,SOCKET,ingest_ftp,,SAFE,2.0,0.0,0.0,0.0,0.0,0.0,0.0,0.0,0.0,1.0,0.0,2.0,0.0,0.0,0.0
S-0244#7:client,S-0244,dataset/real_code/synthesized/both_branches_closed/both_branches_closed__ftp__billing.py,real_code,synthesized,synth:both_branches_closed,train,0,0,,EC-CF-01,7,client,ftplib.FTP,SOCKET,billing_ftp,,SAFE,2.0,0.0,0.0,0.0,0.0,0.0,0.0,0.0,0.0,1.0,0.0,2.0,0.0,0.0,0.0
S-0245#7:client,S-0245,dataset/real_code/synthesized/both_branches_closed/both_branches_closed__smtp__ingest.py,real_code,synthesized,synth:both_branches_closed,train,0,0,,EC-CF-01,7,client,smtplib.SMTP,SOCKET,ingest_smtp,,SAFE,2.0,0.0,0.0,0.0,0.0,0.0,0.0,0.0,0.0,1.0,0.0,2.0,0.0,0.0,0.0
S-0246#7:client,S-0246,dataset/real_code/synthesized/both_branches_closed/both_branches_closed__smtp__billing.py,real_code,synthesized,synth:both_branches_closed,train,0,0,,EC-CF-01,7,client,smtplib.SMTP,SOCKET,billing_smtp,,SAFE,2.0,0.0,0.0,0.0,0.0,0.0,0.0,0.0,0.0,1.0,0.0,2.0,0.0,0.0,0.0
S-0247#7:connection,S-0247,dataset/real_code/synthesized/both_branches_closed/both_branches_closed__sqlite__ingest.py,real_code,synthesized,synth:both_branches_closed,train,0,0,,EC-CF-01,7,connection,sqlite3.connect,DB,ingest_sqlite,,SAFE,3.0,0.0,0.0,0.0,0.0,0.0,0.0,0.0,0.0,1.0,0.0,3.0,0.0,0.0,0.0
S-0248#7:connection,S-0248,dataset/real_code/synthesized/both_branches_closed/both_branches_closed__sqlite__billing.py,real_code,synthesized,synth:both_branches_closed,train,0,0,,EC-CF-01,7,connection,sqlite3.connect,DB,billing_sqlite,,SAFE,3.0,0.0,0.0,0.0,0.0,0.0,0.0,0.0,0.0,1.0,0.0,3.0,0.0,0.0,0.0
S-0249#7:connection,S-0249,dataset/real_code/synthesized/both_branches_closed/both_branches_closed__postgres__ingest.py,real_code,synthesized,synth:both_branches_closed,train,0,0,,EC-CF-01,7,connection,psycopg2.connect,DB,ingest_postgres,,SAFE,3.0,0.0,0.0,0.0,0.0,0.0,0.0,0.0,0.0,1.0,0.0,3.0,0.0,0.0,0.0
S-0250#7:connection,S-0250,dataset/real_code/synthesized/both_branches_closed/both_branches_closed__postgres__billing.py,real_code,synthesized,synth:both_branches_closed,train,0,0,,EC-CF-01,7,connection,psycopg2.connect,DB,billing_postgres,,SAFE,3.0,0.0,0.0,0.0,0.0,0.0,0.0,0.0,0.0,1.0,0.0,3.0,0.0,0.0,0.0
S-0251#7:connection,S-0251,dataset/real_code/synthesized/both_branches_closed/both_branches_closed__mysql__ingest.py,real_code,synthesized,synth:both_branches_closed,train,0,0,,EC-CF-01,7,connection,pymysql.connect,DB,ingest_mysql,,SAFE,3.0,0.0,0.0,0.0,0.0,0.0,0.0,0.0,0.0,1.0,0.0,3.0,0.0,0.0,0.0
S-0252#7:connection,S-0252,dataset/real_code/synthesized/both_branches_closed/both_branches_closed__mysql__billing.py,real_code,synthesized,synth:both_branches_closed,train,0,0,,EC-CF-01,7,connection,pymysql.connect,DB,billing_mysql,,SAFE,3.0,0.0,0.0,0.0,0.0,0.0,0.0,0.0,0.0,1.0,0.0,3.0,0.0,0.0,0.0
S-0253#7:client,S-0253,dataset/real_code/synthesized/both_branches_closed/both_branches_closed__redis_client__ingest.py,real_code,synthesized,synth:both_branches_closed,train,0,0,,EC-CF-01,7,client,redis.Redis,DB,ingest_redis_client,,SAFE,2.5,0.0,0.0,0.0,0.0,0.0,0.0,0.0,0.0,1.0,0.0,2.5,0.0,0.0,0.0
S-0254#7:client,S-0254,dataset/real_code/synthesized/both_branches_closed/both_branches_closed__redis_client__billing.py,real_code,synthesized,synth:both_branches_closed,train,0,0,,EC-CF-01,7,client,redis.Redis,DB,billing_redis_client,,SAFE,2.5,0.0,0.0,0.0,0.0,0.0,0.0,0.0,0.0,1.0,0.0,2.5,0.0,0.0,0.0
S-0255#7:client,S-0255,dataset/real_code/synthesized/both_branches_closed/both_branches_closed__mongo__ingest.py,real_code,synthesized,synth:both_branches_closed,train,0,0,,EC-CF-01,7,client,pymongo.MongoClient,DB,ingest_mongo,,SAFE,3.0,0.0,0.0,0.0,0.0,0.0,0.0,0.0,0.0,1.0,0.0,3.0,0.0,0.0,0.0
S-0256#7:client,S-0256,dataset/real_code/synthesized/both_branches_closed/both_branches_closed__mongo__billing.py,real_code,synthesized,synth:both_branches_closed,train,0,0,,EC-CF-01,7,client,pymongo.MongoClient,DB,billing_mongo,,SAFE,3.0,0.0,0.0,0.0,0.0,0.0,0.0,0.0,0.0,1.0,0.0,3.0,0.0,0.0,0.0
S-0257#7:process,S-0257,dataset/real_code/synthesized/both_branches_closed/both_branches_closed__subprocess_popen__ingest.py,real_code,synthesized,synth:both_branches_closed,train,0,0,,EC-CF-01,7,process,subprocess.Popen,PROCESS,ingest_subprocess_popen,,SAFE,2.5,0.0,0.0,0.0,0.0,0.0,0.0,0.0,0.0,1.0,0.0,2.5,0.0,0.0,0.0
S-0258#7:process,S-0258,dataset/real_code/synthesized/both_branches_closed/both_branches_closed__subprocess_popen__billing.py,real_code,synthesized,synth:both_branches_closed,train,0,0,,EC-CF-01,7,process,subprocess.Popen,PROCESS,billing_subprocess_popen,,SAFE,2.5,0.0,0.0,0.0,0.0,0.0,0.0,0.0,0.0,1.0,0.0,2.5,0.0,0.0,0.0
S-0259#7:pool,S-0259,dataset/real_code/synthesized/both_branches_closed/both_branches_closed__process_pool__ingest.py,real_code,synthesized,synth:both_branches_closed,train,0,0,,EC-CF-01,7,pool,multiprocessing.Pool,POOL,ingest_process_pool,,SAFE,2.5,0.0,0.0,0.0,0.0,0.0,0.0,0.0,0.0,0.0,0.0,2.5,0.0,0.0,0.0
S-0260#7:pool,S-0260,dataset/real_code/synthesized/both_branches_closed/both_branches_closed__process_pool__billing.py,real_code,synthesized,synth:both_branches_closed,train,0,0,,EC-CF-01,7,pool,multiprocessing.Pool,POOL,billing_process_pool,,SAFE,2.5,0.0,0.0,0.0,0.0,0.0,0.0,0.0,0.0,0.0,0.0,2.5,0.0,0.0,0.0
S-0261#7:pool,S-0261,dataset/real_code/synthesized/both_branches_closed/both_branches_closed__thread_pool__ingest.py,real_code,synthesized,synth:both_branches_closed,train,0,0,,EC-CF-01,7,pool,concurrent.futures.ThreadPoolExecutor,POOL,ingest_thread_pool,,SAFE,2.5,0.0,0.0,0.0,0.0,0.0,0.0,0.0,0.0,0.0,0.0,2.5,0.0,0.0,0.0
S-0262#7:pool,S-0262,dataset/real_code/synthesized/both_branches_closed/both_branches_closed__thread_pool__billing.py,real_code,synthesized,synth:both_branches_closed,train,0,0,,EC-CF-01,7,pool,concurrent.futures.ThreadPoolExecutor,POOL,billing_thread_pool,,SAFE,2.5,0.0,0.0,0.0,0.0,0.0,0.0,0.0,0.0,0.0,0.0,2.5,0.0,0.0,0.0
S-0263#5:handle,S-0263,dataset/real_code/synthesized/early_return_closed/early_return_closed__file_text__ingest.py,real_code,synthesized,synth:early_return_closed,test,0,0,,EC-CF-01,5,handle,open,FILE,ingest_file_text,,EXCEPTION_PATH_LEAK,1.0,0.333333,0.0,0.0,0.0,0.0,0.0,1.0,0.0,1.0,0.0,1.0,0.0,0.0,0.0
S-0264#5:handle,S-0264,dataset/real_code/synthesized/early_return_closed/early_return_closed__file_text__billing.py,real_code,synthesized,synth:early_return_closed,test,0,0,,EC-CF-01,5,handle,open,FILE,billing_file_text,,EXCEPTION_PATH_LEAK,1.0,0.333333,0.0,0.0,0.0,0.0,0.0,1.0,0.0,1.0,0.0,1.0,0.0,0.0,0.0
S-0265#7:handle,S-0265,dataset/real_code/synthesized/early_return_closed/early_return_closed__file_binary__ingest.py,real_code,synthesized,synth:early_return_closed,test,0,0,,EC-CF-01,7,handle,io.open,FILE,ingest_file_binary,,EXCEPTION_PATH_LEAK,1.0,0.333333,0.0,0.0,0.0,0.0,0.0,1.0,0.0,1.0,0.0,1.0,0.0,0.0,0.0
S-0266#7:handle,S-0266,dataset/real_code/synthesized/early_return_closed/early_return_closed__file_binary__billing.py,real_code,synthesized,synth:early_return_closed,test,0,0,,EC-CF-01,7,handle,io.open,FILE,billing_file_binary,,EXCEPTION_PATH_LEAK,1.0,0.333333,0.0,0.0,0.0,0.0,0.0,1.0,0.0,1.0,0.0,1.0,0.0,0.0,0.0
S-0267#7:handle,S-0267,dataset/real_code/synthesized/early_return_closed/early_return_closed__file_codecs__ingest.py,real_code,synthesized,synth:early_return_closed,test,0,0,,EC-CF-01,7,handle,codecs.open,FILE,ingest_file_codecs,,EXCEPTION_PATH_LEAK,1.0,0.333333,0.0,0.0,0.0,0.0,0.0,1.0,0.0,1.0,0.0,1.0,0.0,0.0,0.0
S-0268#7:handle,S-0268,dataset/real_code/synthesized/early_return_closed/early_return_closed__file_codecs__billing.py,real_code,synthesized,synth:early_return_closed,test,0,0,,EC-CF-01,7,handle,codecs.open,FILE,billing_file_codecs,,EXCEPTION_PATH_LEAK,1.0,0.333333,0.0,0.0,0.0,0.0,0.0,1.0,0.0,1.0,0.0,1.0,0.0,0.0,0.0
S-0269#7:handle,S-0269,dataset/real_code/synthesized/early_return_closed/early_return_closed__file_gzip__ingest.py,real_code,synthesized,synth:early_return_closed,test,0,0,,EC-CF-01,7,handle,gzip.open,FILE,ingest_file_gzip,,EXCEPTION_PATH_LEAK,1.0,0.333333,0.0,0.0,0.0,0.0,0.0,1.0,0.0,1.0,0.0,1.0,0.0,0.0,0.0
S-0270#7:handle,S-0270,dataset/real_code/synthesized/early_return_closed/early_return_closed__file_gzip__billing.py,real_code,synthesized,synth:early_return_closed,test,0,0,,EC-CF-01,7,handle,gzip.open,FILE,billing_file_gzip,,EXCEPTION_PATH_LEAK,1.0,0.333333,0.0,0.0,0.0,0.0,0.0,1.0,0.0,1.0,0.0,1.0,0.0,0.0,0.0
S-0271#7:handle,S-0271,dataset/real_code/synthesized/early_return_closed/early_return_closed__file_temp__ingest.py,real_code,synthesized,synth:early_return_closed,test,0,0,,EC-CF-01,7,handle,tempfile.NamedTemporaryFile,FILE,ingest_file_temp,,EXCEPTION_PATH_LEAK,1.0,0.333333,0.0,0.0,0.0,0.0,0.0,1.0,0.0,1.0,0.0,1.0,0.0,0.0,0.0
S-0272#7:handle,S-0272,dataset/real_code/synthesized/early_return_closed/early_return_closed__file_temp__billing.py,real_code,synthesized,synth:early_return_closed,test,0,0,,EC-CF-01,7,handle,tempfile.NamedTemporaryFile,FILE,billing_file_temp,,EXCEPTION_PATH_LEAK,1.0,0.333333,0.0,0.0,0.0,0.0,0.0,1.0,0.0,1.0,0.0,1.0,0.0,0.0,0.0
S-0273#7:archive,S-0273,dataset/real_code/synthesized/early_return_closed/early_return_closed__file_zip__ingest.py,real_code,synthesized,synth:early_return_closed,test,0,0,,EC-CF-01,7,archive,zipfile.ZipFile,FILE,ingest_file_zip,,EXCEPTION_PATH_LEAK,1.0,0.333333,0.0,0.0,0.0,0.0,0.0,1.0,0.0,1.0,0.0,1.0,0.0,0.0,0.0
S-0274#7:archive,S-0274,dataset/real_code/synthesized/early_return_closed/early_return_closed__file_zip__billing.py,real_code,synthesized,synth:early_return_closed,test,0,0,,EC-CF-01,7,archive,zipfile.ZipFile,FILE,billing_file_zip,,EXCEPTION_PATH_LEAK,1.0,0.333333,0.0,0.0,0.0,0.0,0.0,1.0,0.0,1.0,0.0,1.0,0.0,0.0,0.0
S-0275#7:shelf,S-0275,dataset/real_code/synthesized/early_return_closed/early_return_closed__file_shelf__ingest.py,real_code,synthesized,synth:early_return_closed,test,0,0,,EC-CF-01,7,shelf,shelve.open,FILE,ingest_file_shelf,,EXCEPTION_PATH_LEAK,1.0,0.333333,0.0,0.0,0.0,0.0,0.0,1.0,0.0,1.0,0.0,1.0,0.0,0.0,0.0
S-0276#7:shelf,S-0276,dataset/real_code/synthesized/early_return_closed/early_return_closed__file_shelf__billing.py,real_code,synthesized,synth:early_return_closed,test,0,0,,EC-CF-01,7,shelf,shelve.open,FILE,billing_file_shelf,,EXCEPTION_PATH_LEAK,1.0,0.333333,0.0,0.0,0.0,0.0,0.0,1.0,0.0,1.0,0.0,1.0,0.0,0.0,0.0
S-0277#7:archive,S-0277,dataset/real_code/synthesized/early_return_closed/early_return_closed__file_tar__ingest.py,real_code,synthesized,synth:early_return_closed,test,0,0,,EC-CF-01,7,archive,tarfile.open,FILE,ingest_file_tar,,EXCEPTION_PATH_LEAK,1.0,0.333333,0.0,0.0,0.0,0.0,0.0,1.0,0.0,1.0,0.0,1.0,0.0,0.0,0.0
S-0278#7:archive,S-0278,dataset/real_code/synthesized/early_return_closed/early_return_closed__file_tar__billing.py,real_code,synthesized,synth:early_return_closed,test,0,0,,EC-CF-01,7,archive,tarfile.open,FILE,billing_file_tar,,EXCEPTION_PATH_LEAK,1.0,0.333333,0.0,0.0,0.0,0.0,0.0,1.0,0.0,1.0,0.0,1.0,0.0,0.0,0.0
S-0279#7:connection,S-0279,dataset/real_code/synthesized/early_return_closed/early_return_closed__socket_raw__ingest.py,real_code,synthesized,synth:early_return_closed,test,0,0,,EC-CF-01,7,connection,socket.socket,SOCKET,ingest_socket_raw,,EXCEPTION_PATH_LEAK,2.0,0.333333,0.0,0.0,0.0,0.0,0.0,1.0,0.0,1.0,0.0,2.0,0.0,0.0,0.0
S-0280#7:connection,S-0280,dataset/real_code/synthesized/early_return_closed/early_return_closed__socket_raw__billing.py,real_code,synthesized,synth:early_return_closed,test,0,0,,EC-CF-01,7,connection,socket.socket,SOCKET,billing_socket_raw,,EXCEPTION_PATH_LEAK,2.0,0.333333,0.0,0.0,0.0,0.0,0.0,1.0,0.0,1.0,0.0,2.0,0.0,0.0,0.0
S-0281#7:connection,S-0281,dataset/real_code/synthesized/early_return_closed/early_return_closed__socket_connect__ingest.py,real_code,synthesized,synth:early_return_closed,test,0,0,,EC-CF-01,7,connection,socket.create_connection,SOCKET,ingest_socket_connect,,EXCEPTION_PATH_LEAK,2.0,0.333333,0.0,0.0,0.0,0.0,0.0,1.0,0.0,1.0,0.0,2.0,0.0,0.0,0.0
S-0282#7:connection,S-0282,dataset/real_code/synthesized/early_return_closed/early_return_closed__socket_connect__billing.py,real_code,synthesized,synth:early_return_closed,test,0,0,,EC-CF-01,7,connection,socket.create_connection,SOCKET,billing_socket_connect,,EXCEPTION_PATH_LEAK,2.0,0.333333,0.0,0.0,0.0,0.0,0.0,1.0,0.0,1.0,0.0,2.0,0.0,0.0,0.0
S-0283#7:connection,S-0283,dataset/real_code/synthesized/early_return_closed/early_return_closed__http_conn__ingest.py,real_code,synthesized,synth:early_return_closed,test,0,0,,EC-CF-01,7,connection,http.client.HTTPSConnection,SOCKET,ingest_http_conn,,EXCEPTION_PATH_LEAK,2.0,0.333333,0.0,0.0,0.0,0.0,0.0,1.0,0.0,1.0,0.0,2.0,0.0,0.0,0.0
S-0284#7:connection,S-0284,dataset/real_code/synthesized/early_return_closed/early_return_closed__http_conn__billing.py,real_code,synthesized,synth:early_return_closed,test,0,0,,EC-CF-01,7,connection,http.client.HTTPSConnection,SOCKET,billing_http_conn,,EXCEPTION_PATH_LEAK,2.0,0.333333,0.0,0.0,0.0,0.0,0.0,1.0,0.0,1.0,0.0,2.0,0.0,0.0,0.0
S-0285#7:response,S-0285,dataset/real_code/synthesized/early_return_closed/early_return_closed__urlopen__ingest.py,real_code,synthesized,synth:early_return_closed,test,0,0,,EC-CF-01,7,response,urllib.request.urlopen,SOCKET,ingest_urlopen,,EXCEPTION_PATH_LEAK,2.0,0.333333,0.0,0.0,0.0,0.0,0.0,1.0,0.0,1.0,0.0,2.0,0.0,0.0,0.0
S-0286#7:response,S-0286,dataset/real_code/synthesized/early_return_closed/early_return_closed__urlopen__billing.py,real_code,synthesized,synth:early_return_closed,test,0,0,,EC-CF-01,7,response,urllib.request.urlopen,SOCKET,billing_urlopen,,EXCEPTION_PATH_LEAK,2.0,0.333333,0.0,0.0,0.0,0.0,0.0,1.0,0.0,1.0,0.0,2.0,0.0,0.0,0.0
S-0287#7:session,S-0287,dataset/real_code/synthesized/early_return_closed/early_return_closed__session__ingest.py,real_code,synthesized,synth:early_return_closed,test,0,0,,EC-CF-01,7,session,requests.Session,SESSION,ingest_session,,EXCEPTION_PATH_LEAK,1.5,0.333333,0.0,0.0,0.0,0.0,0.0,1.0,0.0,1.0,0.0,1.5,0.0,0.0,0.0
S-0288#7:session,S-0288,dataset/real_code/synthesized/early_return_closed/early_return_closed__session__billing.py,real_code,synthesized,synth:early_return_closed,test,0,0,,EC-CF-01,7,session,requests.Session,SESSION,billing_session,,EXCEPTION_PATH_LEAK,1.5,0.333333,0.0,0.0,0.0,0.0,0.0,1.0,0.0,1.0,0.0,1.5,0.0,0.0,0.0
S-0289#7:client,S-0289,dataset/real_code/synthesized/early_return_closed/early_return_closed__ftp__ingest.py,real_code,synthesized,synth:early_return_closed,test,0,0,,EC-CF-01,7,client,ftplib.FTP,SOCKET,ingest_ftp,,EXCEPTION_PATH_LEAK,2.0,0.333333,0.0,0.0,0.0,0.0,0.0,1.0,0.0,1.0,0.0,2.0,0.0,0.0,0.0
S-0290#7:client,S-0290,dataset/real_code/synthesized/early_return_closed/early_return_closed__ftp__billing.py,real_code,synthesized,synth:early_return_closed,test,0,0,,EC-CF-01,7,client,ftplib.FTP,SOCKET,billing_ftp,,EXCEPTION_PATH_LEAK,2.0,0.333333,0.0,0.0,0.0,0.0,0.0,1.0,0.0,1.0,0.0,2.0,0.0,0.0,0.0
S-0291#7:client,S-0291,dataset/real_code/synthesized/early_return_closed/early_return_closed__smtp__ingest.py,real_code,synthesized,synth:early_return_closed,test,0,0,,EC-CF-01,7,client,smtplib.SMTP,SOCKET,ingest_smtp,,EXCEPTION_PATH_LEAK,2.0,0.333333,0.0,0.0,0.0,0.0,0.0,1.0,0.0,1.0,0.0,2.0,0.0,0.0,0.0
S-0292#7:client,S-0292,dataset/real_code/synthesized/early_return_closed/early_return_closed__smtp__billing.py,real_code,synthesized,synth:early_return_closed,test,0,0,,EC-CF-01,7,client,smtplib.SMTP,SOCKET,billing_smtp,,EXCEPTION_PATH_LEAK,2.0,0.333333,0.0,0.0,0.0,0.0,0.0,1.0,0.0,1.0,0.0,2.0,0.0,0.0,0.0
S-0293#7:connection,S-0293,dataset/real_code/synthesized/early_return_closed/early_return_closed__sqlite__ingest.py,real_code,synthesized,synth:early_return_closed,test,0,0,,EC-CF-01,7,connection,sqlite3.connect,DB,ingest_sqlite,,EXCEPTION_PATH_LEAK,3.0,0.333333,0.0,0.0,0.0,0.0,0.0,1.0,0.0,1.0,0.0,3.0,0.0,0.0,0.0
S-0294#7:connection,S-0294,dataset/real_code/synthesized/early_return_closed/early_return_closed__sqlite__billing.py,real_code,synthesized,synth:early_return_closed,test,0,0,,EC-CF-01,7,connection,sqlite3.connect,DB,billing_sqlite,,EXCEPTION_PATH_LEAK,3.0,0.333333,0.0,0.0,0.0,0.0,0.0,1.0,0.0,1.0,0.0,3.0,0.0,0.0,0.0
S-0295#7:connection,S-0295,dataset/real_code/synthesized/early_return_closed/early_return_closed__postgres__ingest.py,real_code,synthesized,synth:early_return_closed,test,0,0,,EC-CF-01,7,connection,psycopg2.connect,DB,ingest_postgres,,EXCEPTION_PATH_LEAK,3.0,0.333333,0.0,0.0,0.0,0.0,0.0,1.0,0.0,1.0,0.0,3.0,0.0,0.0,0.0
S-0296#7:connection,S-0296,dataset/real_code/synthesized/early_return_closed/early_return_closed__postgres__billing.py,real_code,synthesized,synth:early_return_closed,test,0,0,,EC-CF-01,7,connection,psycopg2.connect,DB,billing_postgres,,EXCEPTION_PATH_LEAK,3.0,0.333333,0.0,0.0,0.0,0.0,0.0,1.0,0.0,1.0,0.0,3.0,0.0,0.0,0.0
S-0297#7:connection,S-0297,dataset/real_code/synthesized/early_return_closed/early_return_closed__mysql__ingest.py,real_code,synthesized,synth:early_return_closed,test,0,0,,EC-CF-01,7,connection,pymysql.connect,DB,ingest_mysql,,EXCEPTION_PATH_LEAK,3.0,0.333333,0.0,0.0,0.0,0.0,0.0,1.0,0.0,1.0,0.0,3.0,0.0,0.0,0.0
S-0298#7:connection,S-0298,dataset/real_code/synthesized/early_return_closed/early_return_closed__mysql__billing.py,real_code,synthesized,synth:early_return_closed,test,0,0,,EC-CF-01,7,connection,pymysql.connect,DB,billing_mysql,,EXCEPTION_PATH_LEAK,3.0,0.333333,0.0,0.0,0.0,0.0,0.0,1.0,0.0,1.0,0.0,3.0,0.0,0.0,0.0
S-0299#7:client,S-0299,dataset/real_code/synthesized/early_return_closed/early_return_closed__redis_client__ingest.py,real_code,synthesized,synth:early_return_closed,test,0,0,,EC-CF-01,7,client,redis.Redis,DB,ingest_redis_client,,EXCEPTION_PATH_LEAK,2.5,0.333333,0.0,0.0,0.0,0.0,0.0,1.0,0.0,1.0,0.0,2.5,0.0,0.0,0.0
S-0300#7:client,S-0300,dataset/real_code/synthesized/early_return_closed/early_return_closed__redis_client__billing.py,real_code,synthesized,synth:early_return_closed,test,0,0,,EC-CF-01,7,client,redis.Redis,DB,billing_redis_client,,EXCEPTION_PATH_LEAK,2.5,0.333333,0.0,0.0,0.0,0.0,0.0,1.0,0.0,1.0,0.0,2.5,0.0,0.0,0.0
S-0301#7:client,S-0301,dataset/real_code/synthesized/early_return_closed/early_return_closed__mongo__ingest.py,real_code,synthesized,synth:early_return_closed,test,0,0,,EC-CF-01,7,client,pymongo.MongoClient,DB,ingest_mongo,,EXCEPTION_PATH_LEAK,3.0,0.333333,0.0,0.0,0.0,0.0,0.0,1.0,0.0,1.0,0.0,3.0,0.0,0.0,0.0
S-0302#7:client,S-0302,dataset/real_code/synthesized/early_return_closed/early_return_closed__mongo__billing.py,real_code,synthesized,synth:early_return_closed,test,0,0,,EC-CF-01,7,client,pymongo.MongoClient,DB,billing_mongo,,EXCEPTION_PATH_LEAK,3.0,0.333333,0.0,0.0,0.0,0.0,0.0,1.0,0.0,1.0,0.0,3.0,0.0,0.0,0.0
S-0303#7:process,S-0303,dataset/real_code/synthesized/early_return_closed/early_return_closed__subprocess_popen__ingest.py,real_code,synthesized,synth:early_return_closed,test,0,0,,EC-CF-01,7,process,subprocess.Popen,PROCESS,ingest_subprocess_popen,,EXCEPTION_PATH_LEAK,2.5,0.333333,0.0,0.0,0.0,0.0,0.0,1.0,0.0,1.0,0.0,2.5,0.0,0.0,0.0
S-0304#7:process,S-0304,dataset/real_code/synthesized/early_return_closed/early_return_closed__subprocess_popen__billing.py,real_code,synthesized,synth:early_return_closed,test,0,0,,EC-CF-01,7,process,subprocess.Popen,PROCESS,billing_subprocess_popen,,EXCEPTION_PATH_LEAK,2.5,0.333333,0.0,0.0,0.0,0.0,0.0,1.0,0.0,1.0,0.0,2.5,0.0,0.0,0.0
S-0305#7:pool,S-0305,dataset/real_code/synthesized/early_return_closed/early_return_closed__process_pool__ingest.py,real_code,synthesized,synth:early_return_closed,test,0,0,,EC-CF-01,7,pool,multiprocessing.Pool,POOL,ingest_process_pool,,SAFE,2.5,0.0,0.0,0.0,0.0,0.0,0.0,1.0,0.0,0.0,0.0,2.5,0.0,0.0,0.0
S-0306#7:pool,S-0306,dataset/real_code/synthesized/early_return_closed/early_return_closed__process_pool__billing.py,real_code,synthesized,synth:early_return_closed,test,0,0,,EC-CF-01,7,pool,multiprocessing.Pool,POOL,billing_process_pool,,SAFE,2.5,0.0,0.0,0.0,0.0,0.0,0.0,1.0,0.0,0.0,0.0,2.5,0.0,0.0,0.0
S-0307#7:pool,S-0307,dataset/real_code/synthesized/early_return_closed/early_return_closed__thread_pool__ingest.py,real_code,synthesized,synth:early_return_closed,test,0,0,,EC-CF-01,7,pool,concurrent.futures.ThreadPoolExecutor,POOL,ingest_thread_pool,,SAFE,2.5,0.0,0.0,0.0,0.0,0.0,0.0,1.0,0.0,0.0,0.0,2.5,0.0,0.0,0.0
S-0308#7:pool,S-0308,dataset/real_code/synthesized/early_return_closed/early_return_closed__thread_pool__billing.py,real_code,synthesized,synth:early_return_closed,test,0,0,,EC-CF-01,7,pool,concurrent.futures.ThreadPoolExecutor,POOL,billing_thread_pool,,SAFE,2.5,0.0,0.0,0.0,0.0,0.0,0.0,1.0,0.0,0.0,0.0,2.5,0.0,0.0,0.0
S-0309#7:handle,S-0309,dataset/real_code/synthesized/loop_managed/loop_managed__file_text__ingest.py,real_code,synthesized,synth:loop_managed,train,0,0,,EC-LOOP-01,7,handle,open,FILE,ingest_file_text,,SAFE,2.0,0.0,0.0,0.0,0.0,0.0,0.0,0.0,1.0,1.0,0.0,1.0,0.0,0.0,0.0
S-0310#7:handle,S-0310,dataset/real_code/synthesized/loop_managed/loop_managed__file_text__billing.py,real_code,synthesized,synth:loop_managed,train,0,0,,EC-LOOP-01,7,handle,open,FILE,billing_file_text,,SAFE,2.0,0.0,0.0,0.0,0.0,0.0,0.0,0.0,1.0,1.0,0.0,1.0,0.0,0.0,0.0
S-0311#9:handle,S-0311,dataset/real_code/synthesized/loop_managed/loop_managed__file_binary__ingest.py,real_code,synthesized,synth:loop_managed,train,0,0,,EC-LOOP-01,9,handle,io.open,FILE,ingest_file_binary,,SAFE,2.0,0.0,0.0,0.0,0.0,0.0,0.0,0.0,1.0,1.0,0.0,1.0,0.0,0.0,0.0
S-0312#9:handle,S-0312,dataset/real_code/synthesized/loop_managed/loop_managed__file_binary__billing.py,real_code,synthesized,synth:loop_managed,train,0,0,,EC-LOOP-01,9,handle,io.open,FILE,billing_file_binary,,SAFE,2.0,0.0,0.0,0.0,0.0,0.0,0.0,0.0,1.0,1.0,0.0,1.0,0.0,0.0,0.0
S-0313#9:handle,S-0313,dataset/real_code/synthesized/loop_managed/loop_managed__file_codecs__ingest.py,real_code,synthesized,synth:loop_managed,train,0,0,,EC-LOOP-01,9,handle,codecs.open,FILE,ingest_file_codecs,,SAFE,2.0,0.0,0.0,0.0,0.0,0.0,0.0,0.0,1.0,1.0,0.0,1.0,0.0,0.0,0.0
S-0314#9:handle,S-0314,dataset/real_code/synthesized/loop_managed/loop_managed__file_codecs__billing.py,real_code,synthesized,synth:loop_managed,train,0,0,,EC-LOOP-01,9,handle,codecs.open,FILE,billing_file_codecs,,SAFE,2.0,0.0,0.0,0.0,0.0,0.0,0.0,0.0,1.0,1.0,0.0,1.0,0.0,0.0,0.0
S-0315#9:handle,S-0315,dataset/real_code/synthesized/loop_managed/loop_managed__file_gzip__ingest.py,real_code,synthesized,synth:loop_managed,train,0,0,,EC-LOOP-01,9,handle,gzip.open,FILE,ingest_file_gzip,,SAFE,2.0,0.0,0.0,0.0,0.0,0.0,0.0,0.0,1.0,1.0,0.0,1.0,0.0,0.0,0.0
S-0316#9:handle,S-0316,dataset/real_code/synthesized/loop_managed/loop_managed__file_gzip__billing.py,real_code,synthesized,synth:loop_managed,train,0,0,,EC-LOOP-01,9,handle,gzip.open,FILE,billing_file_gzip,,SAFE,2.0,0.0,0.0,0.0,0.0,0.0,0.0,0.0,1.0,1.0,0.0,1.0,0.0,0.0,0.0
S-0317#9:handle,S-0317,dataset/real_code/synthesized/loop_managed/loop_managed__file_temp__ingest.py,real_code,synthesized,synth:loop_managed,train,0,0,,EC-LOOP-01,9,handle,tempfile.NamedTemporaryFile,FILE,ingest_file_temp,,SAFE,2.0,0.0,0.0,0.0,0.0,0.0,0.0,0.0,1.0,1.0,0.0,1.0,0.0,0.0,0.0
S-0318#9:handle,S-0318,dataset/real_code/synthesized/loop_managed/loop_managed__file_temp__billing.py,real_code,synthesized,synth:loop_managed,train,0,0,,EC-LOOP-01,9,handle,tempfile.NamedTemporaryFile,FILE,billing_file_temp,,SAFE,2.0,0.0,0.0,0.0,0.0,0.0,0.0,0.0,1.0,1.0,0.0,1.0,0.0,0.0,0.0
S-0319#9:archive,S-0319,dataset/real_code/synthesized/loop_managed/loop_managed__file_zip__ingest.py,real_code,synthesized,synth:loop_managed,train,0,0,,EC-LOOP-01,9,archive,zipfile.ZipFile,FILE,ingest_file_zip,,SAFE,2.0,0.0,0.0,0.0,0.0,0.0,0.0,0.0,1.0,1.0,0.0,1.0,0.0,0.0,0.0
S-0320#9:archive,S-0320,dataset/real_code/synthesized/loop_managed/loop_managed__file_zip__billing.py,real_code,synthesized,synth:loop_managed,train,0,0,,EC-LOOP-01,9,archive,zipfile.ZipFile,FILE,billing_file_zip,,SAFE,2.0,0.0,0.0,0.0,0.0,0.0,0.0,0.0,1.0,1.0,0.0,1.0,0.0,0.0,0.0
S-0321#9:shelf,S-0321,dataset/real_code/synthesized/loop_managed/loop_managed__file_shelf__ingest.py,real_code,synthesized,synth:loop_managed,train,0,0,,EC-LOOP-01,9,shelf,shelve.open,FILE,ingest_file_shelf,,SAFE,2.0,0.0,0.0,0.0,0.0,0.0,0.0,0.0,1.0,1.0,0.0,1.0,0.0,0.0,0.0
S-0322#9:shelf,S-0322,dataset/real_code/synthesized/loop_managed/loop_managed__file_shelf__billing.py,real_code,synthesized,synth:loop_managed,train,0,0,,EC-LOOP-01,9,shelf,shelve.open,FILE,billing_file_shelf,,SAFE,2.0,0.0,0.0,0.0,0.0,0.0,0.0,0.0,1.0,1.0,0.0,1.0,0.0,0.0,0.0
S-0323#9:archive,S-0323,dataset/real_code/synthesized/loop_managed/loop_managed__file_tar__ingest.py,real_code,synthesized,synth:loop_managed,train,0,0,,EC-LOOP-01,9,archive,tarfile.open,FILE,ingest_file_tar,,SAFE,2.0,0.0,0.0,0.0,0.0,0.0,0.0,0.0,1.0,1.0,0.0,1.0,0.0,0.0,0.0
S-0324#9:archive,S-0324,dataset/real_code/synthesized/loop_managed/loop_managed__file_tar__billing.py,real_code,synthesized,synth:loop_managed,train,0,0,,EC-LOOP-01,9,archive,tarfile.open,FILE,billing_file_tar,,SAFE,2.0,0.0,0.0,0.0,0.0,0.0,0.0,0.0,1.0,1.0,0.0,1.0,0.0,0.0,0.0
S-0325#9:connection,S-0325,dataset/real_code/synthesized/loop_managed/loop_managed__socket_raw__ingest.py,real_code,synthesized,synth:loop_managed,train,0,0,,EC-LOOP-01,9,connection,socket.socket,SOCKET,ingest_socket_raw,,SAFE,4.0,0.0,0.0,0.0,0.0,0.0,0.0,0.0,1.0,1.0,0.0,2.0,0.0,0.0,0.0
S-0326#9:connection,S-0326,dataset/real_code/synthesized/loop_managed/loop_managed__socket_raw__billing.py,real_code,synthesized,synth:loop_managed,train,0,0,,EC-LOOP-01,9,connection,socket.socket,SOCKET,billing_socket_raw,,SAFE,4.0,0.0,0.0,0.0,0.0,0.0,0.0,0.0,1.0,1.0,0.0,2.0,0.0,0.0,0.0
S-0327#9:connection,S-0327,dataset/real_code/synthesized/loop_managed/loop_managed__socket_connect__ingest.py,real_code,synthesized,synth:loop_managed,train,0,0,,EC-LOOP-01,9,connection,socket.create_connection,SOCKET,ingest_socket_connect,,SAFE,4.0,0.0,0.0,0.0,0.0,0.0,0.0,0.0,1.0,1.0,0.0,2.0,0.0,0.0,0.0
S-0328#9:connection,S-0328,dataset/real_code/synthesized/loop_managed/loop_managed__socket_connect__billing.py,real_code,synthesized,synth:loop_managed,train,0,0,,EC-LOOP-01,9,connection,socket.create_connection,SOCKET,billing_socket_connect,,SAFE,4.0,0.0,0.0,0.0,0.0,0.0,0.0,0.0,1.0,1.0,0.0,2.0,0.0,0.0,0.0
S-0329#9:connection,S-0329,dataset/real_code/synthesized/loop_managed/loop_managed__http_conn__ingest.py,real_code,synthesized,synth:loop_managed,train,0,0,,EC-LOOP-01,9,connection,http.client.HTTPSConnection,SOCKET,ingest_http_conn,,SAFE,4.0,0.0,0.0,0.0,0.0,0.0,0.0,0.0,1.0,1.0,0.0,2.0,0.0,0.0,0.0
S-0330#9:connection,S-0330,dataset/real_code/synthesized/loop_managed/loop_managed__http_conn__billing.py,real_code,synthesized,synth:loop_managed,train,0,0,,EC-LOOP-01,9,connection,http.client.HTTPSConnection,SOCKET,billing_http_conn,,SAFE,4.0,0.0,0.0,0.0,0.0,0.0,0.0,0.0,1.0,1.0,0.0,2.0,0.0,0.0,0.0
S-0331#9:response,S-0331,dataset/real_code/synthesized/loop_managed/loop_managed__urlopen__ingest.py,real_code,synthesized,synth:loop_managed,train,0,0,,EC-LOOP-01,9,response,urllib.request.urlopen,SOCKET,ingest_urlopen,,SAFE,4.0,0.0,0.0,0.0,0.0,0.0,0.0,0.0,1.0,1.0,0.0,2.0,0.0,0.0,0.0
S-0332#9:response,S-0332,dataset/real_code/synthesized/loop_managed/loop_managed__urlopen__billing.py,real_code,synthesized,synth:loop_managed,train,0,0,,EC-LOOP-01,9,response,urllib.request.urlopen,SOCKET,billing_urlopen,,SAFE,4.0,0.0,0.0,0.0,0.0,0.0,0.0,0.0,1.0,1.0,0.0,2.0,0.0,0.0,0.0
S-0333#9:session,S-0333,dataset/real_code/synthesized/loop_managed/loop_managed__session__ingest.py,real_code,synthesized,synth:loop_managed,train,0,0,,EC-LOOP-01,9,session,requests.Session,SESSION,ingest_session,,SAFE,3.0,0.0,0.0,0.0,0.0,0.0,0.0,0.0,1.0,1.0,0.0,1.5,0.0,0.0,0.0
S-0334#9:session,S-0334,dataset/real_code/synthesized/loop_managed/loop_managed__session__billing.py,real_code,synthesized,synth:loop_managed,train,0,0,,EC-LOOP-01,9,session,requests.Session,SESSION,billing_session,,SAFE,3.0,0.0,0.0,0.0,0.0,0.0,0.0,0.0,1.0,1.0,0.0,1.5,0.0,0.0,0.0
S-0335#9:client,S-0335,dataset/real_code/synthesized/loop_managed/loop_managed__ftp__ingest.py,real_code,synthesized,synth:loop_managed,train,0,0,,EC-LOOP-01,9,client,ftplib.FTP,SOCKET,ingest_ftp,,SAFE,4.0,0.0,0.0,0.0,0.0,0.0,0.0,0.0,1.0,1.0,0.0,2.0,0.0,0.0,0.0
S-0336#9:client,S-0336,dataset/real_code/synthesized/loop_managed/loop_managed__ftp__billing.py,real_code,synthesized,synth:loop_managed,train,0,0,,EC-LOOP-01,9,client,ftplib.FTP,SOCKET,billing_ftp,,SAFE,4.0,0.0,0.0,0.0,0.0,0.0,0.0,0.0,1.0,1.0,0.0,2.0,0.0,0.0,0.0
S-0337#9:client,S-0337,dataset/real_code/synthesized/loop_managed/loop_managed__smtp__ingest.py,real_code,synthesized,synth:loop_managed,train,0,0,,EC-LOOP-01,9,client,smtplib.SMTP,SOCKET,ingest_smtp,,SAFE,4.0,0.0,0.0,0.0,0.0,0.0,0.0,0.0,1.0,1.0,0.0,2.0,0.0,0.0,0.0
S-0338#9:client,S-0338,dataset/real_code/synthesized/loop_managed/loop_managed__smtp__billing.py,real_code,synthesized,synth:loop_managed,train,0,0,,EC-LOOP-01,9,client,smtplib.SMTP,SOCKET,billing_smtp,,SAFE,4.0,0.0,0.0,0.0,0.0,0.0,0.0,0.0,1.0,1.0,0.0,2.0,0.0,0.0,0.0
S-0339#9:client,S-0339,dataset/real_code/synthesized/loop_managed/loop_managed__redis_client__ingest.py,real_code,synthesized,synth:loop_managed,train,0,0,,EC-LOOP-01,9,client,redis.Redis,DB,ingest_redis_client,,SAFE,5.0,0.0,0.0,0.0,0.0,0.0,0.0,0.0,1.0,1.0,0.0,2.5,0.0,0.0,0.0
S-0340#9:client,S-0340,dataset/real_code/synthesized/loop_managed/loop_managed__redis_client__billing.py,real_code,synthesized,synth:loop_managed,train,0,0,,EC-LOOP-01,9,client,redis.Redis,DB,billing_redis_client,,SAFE,5.0,0.0,0.0,0.0,0.0,0.0,0.0,0.0,1.0,1.0,0.0,2.5,0.0,0.0,0.0
S-0341#9:client,S-0341,dataset/real_code/synthesized/loop_managed/loop_managed__mongo__ingest.py,real_code,synthesized,synth:loop_managed,train,0,0,,EC-LOOP-01,9,client,pymongo.MongoClient,DB,ingest_mongo,,SAFE,6.0,0.0,0.0,0.0,0.0,0.0,0.0,0.0,1.0,1.0,0.0,3.0,0.0,0.0,0.0
S-0342#9:client,S-0342,dataset/real_code/synthesized/loop_managed/loop_managed__mongo__billing.py,real_code,synthesized,synth:loop_managed,train,0,0,,EC-LOOP-01,9,client,pymongo.MongoClient,DB,billing_mongo,,SAFE,6.0,0.0,0.0,0.0,0.0,0.0,0.0,0.0,1.0,1.0,0.0,3.0,0.0,0.0,0.0
S-0343#9:process,S-0343,dataset/real_code/synthesized/loop_managed/loop_managed__subprocess_popen__ingest.py,real_code,synthesized,synth:loop_managed,train,0,0,,EC-LOOP-01,9,process,subprocess.Popen,PROCESS,ingest_subprocess_popen,,SAFE,5.0,0.0,0.0,0.0,0.0,0.0,0.0,0.0,1.0,1.0,0.0,2.5,0.0,0.0,0.0
S-0344#9:process,S-0344,dataset/real_code/synthesized/loop_managed/loop_managed__subprocess_popen__billing.py,real_code,synthesized,synth:loop_managed,train,0,0,,EC-LOOP-01,9,process,subprocess.Popen,PROCESS,billing_subprocess_popen,,SAFE,5.0,0.0,0.0,0.0,0.0,0.0,0.0,0.0,1.0,1.0,0.0,2.5,0.0,0.0,0.0
S-0345#9:pool,S-0345,dataset/real_code/synthesized/loop_managed/loop_managed__process_pool__ingest.py,real_code,synthesized,synth:loop_managed,train,0,0,,EC-LOOP-01,9,pool,multiprocessing.Pool,POOL,ingest_process_pool,,SAFE,5.0,0.0,0.0,0.0,0.0,0.0,0.0,0.0,1.0,1.0,0.0,2.5,0.0,0.0,0.0
S-0346#9:pool,S-0346,dataset/real_code/synthesized/loop_managed/loop_managed__process_pool__billing.py,real_code,synthesized,synth:loop_managed,train,0,0,,EC-LOOP-01,9,pool,multiprocessing.Pool,POOL,billing_process_pool,,SAFE,5.0,0.0,0.0,0.0,0.0,0.0,0.0,0.0,1.0,1.0,0.0,2.5,0.0,0.0,0.0
S-0347#9:pool,S-0347,dataset/real_code/synthesized/loop_managed/loop_managed__thread_pool__ingest.py,real_code,synthesized,synth:loop_managed,train,0,0,,EC-LOOP-01,9,pool,concurrent.futures.ThreadPoolExecutor,POOL,ingest_thread_pool,,SAFE,5.0,0.0,0.0,0.0,0.0,0.0,0.0,0.0,1.0,1.0,0.0,2.5,0.0,0.0,0.0
S-0348#9:pool,S-0348,dataset/real_code/synthesized/loop_managed/loop_managed__thread_pool__billing.py,real_code,synthesized,synth:loop_managed,train,0,0,,EC-LOOP-01,9,pool,concurrent.futures.ThreadPoolExecutor,POOL,billing_thread_pool,,SAFE,5.0,0.0,0.0,0.0,0.0,0.0,0.0,0.0,1.0,1.0,0.0,2.5,0.0,0.0,0.0
S-0349#7:handle,S-0349,dataset/real_code/synthesized/loop_try_finally/loop_try_finally__file_text__ingest.py,real_code,synthesized,synth:loop_try_finally,train,0,0,,EC-LOOP-01,7,handle,open,FILE,ingest_file_text,,SAFE,2.0,0.0,0.0,0.0,0.0,0.0,0.0,0.0,1.0,1.0,0.0,1.0,0.0,0.0,0.0
S-0350#7:handle,S-0350,dataset/real_code/synthesized/loop_try_finally/loop_try_finally__file_text__billing.py,real_code,synthesized,synth:loop_try_finally,train,0,0,,EC-LOOP-01,7,handle,open,FILE,billing_file_text,,SAFE,2.0,0.0,0.0,0.0,0.0,0.0,0.0,0.0,1.0,1.0,0.0,1.0,0.0,0.0,0.0
S-0351#9:handle,S-0351,dataset/real_code/synthesized/loop_try_finally/loop_try_finally__file_binary__ingest.py,real_code,synthesized,synth:loop_try_finally,train,0,0,,EC-LOOP-01,9,handle,io.open,FILE,ingest_file_binary,,SAFE,2.0,0.0,0.0,0.0,0.0,0.0,0.0,0.0,1.0,1.0,0.0,1.0,0.0,0.0,0.0
S-0352#9:handle,S-0352,dataset/real_code/synthesized/loop_try_finally/loop_try_finally__file_binary__billing.py,real_code,synthesized,synth:loop_try_finally,train,0,0,,EC-LOOP-01,9,handle,io.open,FILE,billing_file_binary,,SAFE,2.0,0.0,0.0,0.0,0.0,0.0,0.0,0.0,1.0,1.0,0.0,1.0,0.0,0.0,0.0
S-0353#9:handle,S-0353,dataset/real_code/synthesized/loop_try_finally/loop_try_finally__file_codecs__ingest.py,real_code,synthesized,synth:loop_try_finally,train,0,0,,EC-LOOP-01,9,handle,codecs.open,FILE,ingest_file_codecs,,SAFE,2.0,0.0,0.0,0.0,0.0,0.0,0.0,0.0,1.0,1.0,0.0,1.0,0.0,0.0,0.0
S-0354#9:handle,S-0354,dataset/real_code/synthesized/loop_try_finally/loop_try_finally__file_codecs__billing.py,real_code,synthesized,synth:loop_try_finally,train,0,0,,EC-LOOP-01,9,handle,codecs.open,FILE,billing_file_codecs,,SAFE,2.0,0.0,0.0,0.0,0.0,0.0,0.0,0.0,1.0,1.0,0.0,1.0,0.0,0.0,0.0
S-0355#9:handle,S-0355,dataset/real_code/synthesized/loop_try_finally/loop_try_finally__file_gzip__ingest.py,real_code,synthesized,synth:loop_try_finally,train,0,0,,EC-LOOP-01,9,handle,gzip.open,FILE,ingest_file_gzip,,SAFE,2.0,0.0,0.0,0.0,0.0,0.0,0.0,0.0,1.0,1.0,0.0,1.0,0.0,0.0,0.0
S-0356#9:handle,S-0356,dataset/real_code/synthesized/loop_try_finally/loop_try_finally__file_gzip__billing.py,real_code,synthesized,synth:loop_try_finally,train,0,0,,EC-LOOP-01,9,handle,gzip.open,FILE,billing_file_gzip,,SAFE,2.0,0.0,0.0,0.0,0.0,0.0,0.0,0.0,1.0,1.0,0.0,1.0,0.0,0.0,0.0
S-0357#9:handle,S-0357,dataset/real_code/synthesized/loop_try_finally/loop_try_finally__file_temp__ingest.py,real_code,synthesized,synth:loop_try_finally,train,0,0,,EC-LOOP-01,9,handle,tempfile.NamedTemporaryFile,FILE,ingest_file_temp,,SAFE,2.0,0.0,0.0,0.0,0.0,0.0,0.0,0.0,1.0,1.0,0.0,1.0,0.0,0.0,0.0
S-0358#9:handle,S-0358,dataset/real_code/synthesized/loop_try_finally/loop_try_finally__file_temp__billing.py,real_code,synthesized,synth:loop_try_finally,train,0,0,,EC-LOOP-01,9,handle,tempfile.NamedTemporaryFile,FILE,billing_file_temp,,SAFE,2.0,0.0,0.0,0.0,0.0,0.0,0.0,0.0,1.0,1.0,0.0,1.0,0.0,0.0,0.0
S-0359#9:archive,S-0359,dataset/real_code/synthesized/loop_try_finally/loop_try_finally__file_zip__ingest.py,real_code,synthesized,synth:loop_try_finally,train,0,0,,EC-LOOP-01,9,archive,zipfile.ZipFile,FILE,ingest_file_zip,,SAFE,2.0,0.0,0.0,0.0,0.0,0.0,0.0,0.0,1.0,1.0,0.0,1.0,0.0,0.0,0.0
S-0360#9:archive,S-0360,dataset/real_code/synthesized/loop_try_finally/loop_try_finally__file_zip__billing.py,real_code,synthesized,synth:loop_try_finally,train,0,0,,EC-LOOP-01,9,archive,zipfile.ZipFile,FILE,billing_file_zip,,SAFE,2.0,0.0,0.0,0.0,0.0,0.0,0.0,0.0,1.0,1.0,0.0,1.0,0.0,0.0,0.0
S-0361#9:shelf,S-0361,dataset/real_code/synthesized/loop_try_finally/loop_try_finally__file_shelf__ingest.py,real_code,synthesized,synth:loop_try_finally,train,0,0,,EC-LOOP-01,9,shelf,shelve.open,FILE,ingest_file_shelf,,SAFE,2.0,0.0,0.0,0.0,0.0,0.0,0.0,0.0,1.0,1.0,0.0,1.0,0.0,0.0,0.0
S-0362#9:shelf,S-0362,dataset/real_code/synthesized/loop_try_finally/loop_try_finally__file_shelf__billing.py,real_code,synthesized,synth:loop_try_finally,train,0,0,,EC-LOOP-01,9,shelf,shelve.open,FILE,billing_file_shelf,,SAFE,2.0,0.0,0.0,0.0,0.0,0.0,0.0,0.0,1.0,1.0,0.0,1.0,0.0,0.0,0.0
S-0363#9:archive,S-0363,dataset/real_code/synthesized/loop_try_finally/loop_try_finally__file_tar__ingest.py,real_code,synthesized,synth:loop_try_finally,train,0,0,,EC-LOOP-01,9,archive,tarfile.open,FILE,ingest_file_tar,,SAFE,2.0,0.0,0.0,0.0,0.0,0.0,0.0,0.0,1.0,1.0,0.0,1.0,0.0,0.0,0.0
S-0364#9:archive,S-0364,dataset/real_code/synthesized/loop_try_finally/loop_try_finally__file_tar__billing.py,real_code,synthesized,synth:loop_try_finally,train,0,0,,EC-LOOP-01,9,archive,tarfile.open,FILE,billing_file_tar,,SAFE,2.0,0.0,0.0,0.0,0.0,0.0,0.0,0.0,1.0,1.0,0.0,1.0,0.0,0.0,0.0
S-0365#9:connection,S-0365,dataset/real_code/synthesized/loop_try_finally/loop_try_finally__socket_raw__ingest.py,real_code,synthesized,synth:loop_try_finally,train,0,0,,EC-LOOP-01,9,connection,socket.socket,SOCKET,ingest_socket_raw,,SAFE,4.0,0.0,0.0,0.0,0.0,0.0,0.0,0.0,1.0,1.0,0.0,2.0,0.0,0.0,0.0
S-0366#9:connection,S-0366,dataset/real_code/synthesized/loop_try_finally/loop_try_finally__socket_raw__billing.py,real_code,synthesized,synth:loop_try_finally,train,0,0,,EC-LOOP-01,9,connection,socket.socket,SOCKET,billing_socket_raw,,SAFE,4.0,0.0,0.0,0.0,0.0,0.0,0.0,0.0,1.0,1.0,0.0,2.0,0.0,0.0,0.0
S-0367#9:connection,S-0367,dataset/real_code/synthesized/loop_try_finally/loop_try_finally__socket_connect__ingest.py,real_code,synthesized,synth:loop_try_finally,train,0,0,,EC-LOOP-01,9,connection,socket.create_connection,SOCKET,ingest_socket_connect,,SAFE,4.0,0.0,0.0,0.0,0.0,0.0,0.0,0.0,1.0,1.0,0.0,2.0,0.0,0.0,0.0
S-0368#9:connection,S-0368,dataset/real_code/synthesized/loop_try_finally/loop_try_finally__socket_connect__billing.py,real_code,synthesized,synth:loop_try_finally,train,0,0,,EC-LOOP-01,9,connection,socket.create_connection,SOCKET,billing_socket_connect,,SAFE,4.0,0.0,0.0,0.0,0.0,0.0,0.0,0.0,1.0,1.0,0.0,2.0,0.0,0.0,0.0
S-0369#9:connection,S-0369,dataset/real_code/synthesized/loop_try_finally/loop_try_finally__http_conn__ingest.py,real_code,synthesized,synth:loop_try_finally,train,0,0,,EC-LOOP-01,9,connection,http.client.HTTPSConnection,SOCKET,ingest_http_conn,,SAFE,4.0,0.0,0.0,0.0,0.0,0.0,0.0,0.0,1.0,1.0,0.0,2.0,0.0,0.0,0.0
S-0370#9:connection,S-0370,dataset/real_code/synthesized/loop_try_finally/loop_try_finally__http_conn__billing.py,real_code,synthesized,synth:loop_try_finally,train,0,0,,EC-LOOP-01,9,connection,http.client.HTTPSConnection,SOCKET,billing_http_conn,,SAFE,4.0,0.0,0.0,0.0,0.0,0.0,0.0,0.0,1.0,1.0,0.0,2.0,0.0,0.0,0.0
S-0371#9:response,S-0371,dataset/real_code/synthesized/loop_try_finally/loop_try_finally__urlopen__ingest.py,real_code,synthesized,synth:loop_try_finally,train,0,0,,EC-LOOP-01,9,response,urllib.request.urlopen,SOCKET,ingest_urlopen,,SAFE,4.0,0.0,0.0,0.0,0.0,0.0,0.0,0.0,1.0,1.0,0.0,2.0,0.0,0.0,0.0
S-0372#9:response,S-0372,dataset/real_code/synthesized/loop_try_finally/loop_try_finally__urlopen__billing.py,real_code,synthesized,synth:loop_try_finally,train,0,0,,EC-LOOP-01,9,response,urllib.request.urlopen,SOCKET,billing_urlopen,,SAFE,4.0,0.0,0.0,0.0,0.0,0.0,0.0,0.0,1.0,1.0,0.0,2.0,0.0,0.0,0.0
S-0373#9:session,S-0373,dataset/real_code/synthesized/loop_try_finally/loop_try_finally__session__ingest.py,real_code,synthesized,synth:loop_try_finally,train,0,0,,EC-LOOP-01,9,session,requests.Session,SESSION,ingest_session,,SAFE,3.0,0.0,0.0,0.0,0.0,0.0,0.0,0.0,1.0,1.0,0.0,1.5,0.0,0.0,0.0
S-0374#9:session,S-0374,dataset/real_code/synthesized/loop_try_finally/loop_try_finally__session__billing.py,real_code,synthesized,synth:loop_try_finally,train,0,0,,EC-LOOP-01,9,session,requests.Session,SESSION,billing_session,,SAFE,3.0,0.0,0.0,0.0,0.0,0.0,0.0,0.0,1.0,1.0,0.0,1.5,0.0,0.0,0.0
S-0375#9:client,S-0375,dataset/real_code/synthesized/loop_try_finally/loop_try_finally__ftp__ingest.py,real_code,synthesized,synth:loop_try_finally,train,0,0,,EC-LOOP-01,9,client,ftplib.FTP,SOCKET,ingest_ftp,,SAFE,4.0,0.0,0.0,0.0,0.0,0.0,0.0,0.0,1.0,1.0,0.0,2.0,0.0,0.0,0.0
S-0376#9:client,S-0376,dataset/real_code/synthesized/loop_try_finally/loop_try_finally__ftp__billing.py,real_code,synthesized,synth:loop_try_finally,train,0,0,,EC-LOOP-01,9,client,ftplib.FTP,SOCKET,billing_ftp,,SAFE,4.0,0.0,0.0,0.0,0.0,0.0,0.0,0.0,1.0,1.0,0.0,2.0,0.0,0.0,0.0
S-0377#9:client,S-0377,dataset/real_code/synthesized/loop_try_finally/loop_try_finally__smtp__ingest.py,real_code,synthesized,synth:loop_try_finally,train,0,0,,EC-LOOP-01,9,client,smtplib.SMTP,SOCKET,ingest_smtp,,SAFE,4.0,0.0,0.0,0.0,0.0,0.0,0.0,0.0,1.0,1.0,0.0,2.0,0.0,0.0,0.0
S-0378#9:client,S-0378,dataset/real_code/synthesized/loop_try_finally/loop_try_finally__smtp__billing.py,real_code,synthesized,synth:loop_try_finally,train,0,0,,EC-LOOP-01,9,client,smtplib.SMTP,SOCKET,billing_smtp,,SAFE,4.0,0.0,0.0,0.0,0.0,0.0,0.0,0.0,1.0,1.0,0.0,2.0,0.0,0.0,0.0
S-0379#9:connection,S-0379,dataset/real_code/synthesized/loop_try_finally/loop_try_finally__sqlite__ingest.py,real_code,synthesized,synth:loop_try_finally,train,0,0,,EC-LOOP-01,9,connection,sqlite3.connect,DB,ingest_sqlite,,SAFE,6.0,0.0,0.0,0.0,0.0,0.0,0.0,0.0,1.0,1.0,0.0,3.0,0.0,0.0,0.0
S-0380#9:connection,S-0380,dataset/real_code/synthesized/loop_try_finally/loop_try_finally__sqlite__billing.py,real_code,synthesized,synth:loop_try_finally,train,0,0,,EC-LOOP-01,9,connection,sqlite3.connect,DB,billing_sqlite,,SAFE,6.0,0.0,0.0,0.0,0.0,0.0,0.0,0.0,1.0,1.0,0.0,3.0,0.0,0.0,0.0
S-0381#9:connection,S-0381,dataset/real_code/synthesized/loop_try_finally/loop_try_finally__postgres__ingest.py,real_code,synthesized,synth:loop_try_finally,train,0,0,,EC-LOOP-01,9,connection,psycopg2.connect,DB,ingest_postgres,,SAFE,6.0,0.0,0.0,0.0,0.0,0.0,0.0,0.0,1.0,1.0,0.0,3.0,0.0,0.0,0.0
S-0382#9:connection,S-0382,dataset/real_code/synthesized/loop_try_finally/loop_try_finally__postgres__billing.py,real_code,synthesized,synth:loop_try_finally,train,0,0,,EC-LOOP-01,9,connection,psycopg2.connect,DB,billing_postgres,,SAFE,6.0,0.0,0.0,0.0,0.0,0.0,0.0,0.0,1.0,1.0,0.0,3.0,0.0,0.0,0.0
S-0383#9:connection,S-0383,dataset/real_code/synthesized/loop_try_finally/loop_try_finally__mysql__ingest.py,real_code,synthesized,synth:loop_try_finally,train,0,0,,EC-LOOP-01,9,connection,pymysql.connect,DB,ingest_mysql,,SAFE,6.0,0.0,0.0,0.0,0.0,0.0,0.0,0.0,1.0,1.0,0.0,3.0,0.0,0.0,0.0
S-0384#9:connection,S-0384,dataset/real_code/synthesized/loop_try_finally/loop_try_finally__mysql__billing.py,real_code,synthesized,synth:loop_try_finally,train,0,0,,EC-LOOP-01,9,connection,pymysql.connect,DB,billing_mysql,,SAFE,6.0,0.0,0.0,0.0,0.0,0.0,0.0,0.0,1.0,1.0,0.0,3.0,0.0,0.0,0.0
S-0385#9:client,S-0385,dataset/real_code/synthesized/loop_try_finally/loop_try_finally__redis_client__ingest.py,real_code,synthesized,synth:loop_try_finally,train,0,0,,EC-LOOP-01,9,client,redis.Redis,DB,ingest_redis_client,,SAFE,5.0,0.0,0.0,0.0,0.0,0.0,0.0,0.0,1.0,1.0,0.0,2.5,0.0,0.0,0.0
S-0386#9:client,S-0386,dataset/real_code/synthesized/loop_try_finally/loop_try_finally__redis_client__billing.py,real_code,synthesized,synth:loop_try_finally,train,0,0,,EC-LOOP-01,9,client,redis.Redis,DB,billing_redis_client,,SAFE,5.0,0.0,0.0,0.0,0.0,0.0,0.0,0.0,1.0,1.0,0.0,2.5,0.0,0.0,0.0
S-0387#9:client,S-0387,dataset/real_code/synthesized/loop_try_finally/loop_try_finally__mongo__ingest.py,real_code,synthesized,synth:loop_try_finally,train,0,0,,EC-LOOP-01,9,client,pymongo.MongoClient,DB,ingest_mongo,,SAFE,6.0,0.0,0.0,0.0,0.0,0.0,0.0,0.0,1.0,1.0,0.0,3.0,0.0,0.0,0.0
S-0388#9:client,S-0388,dataset/real_code/synthesized/loop_try_finally/loop_try_finally__mongo__billing.py,real_code,synthesized,synth:loop_try_finally,train,0,0,,EC-LOOP-01,9,client,pymongo.MongoClient,DB,billing_mongo,,SAFE,6.0,0.0,0.0,0.0,0.0,0.0,0.0,0.0,1.0,1.0,0.0,3.0,0.0,0.0,0.0
S-0389#9:process,S-0389,dataset/real_code/synthesized/loop_try_finally/loop_try_finally__subprocess_popen__ingest.py,real_code,synthesized,synth:loop_try_finally,train,0,0,,EC-LOOP-01,9,process,subprocess.Popen,PROCESS,ingest_subprocess_popen,,SAFE,5.0,0.0,0.0,0.0,0.0,0.0,0.0,0.0,1.0,1.0,0.0,2.5,0.0,0.0,0.0
S-0390#9:process,S-0390,dataset/real_code/synthesized/loop_try_finally/loop_try_finally__subprocess_popen__billing.py,real_code,synthesized,synth:loop_try_finally,train,0,0,,EC-LOOP-01,9,process,subprocess.Popen,PROCESS,billing_subprocess_popen,,SAFE,5.0,0.0,0.0,0.0,0.0,0.0,0.0,0.0,1.0,1.0,0.0,2.5,0.0,0.0,0.0
S-0391#9:pool,S-0391,dataset/real_code/synthesized/loop_try_finally/loop_try_finally__process_pool__ingest.py,real_code,synthesized,synth:loop_try_finally,train,0,0,,EC-LOOP-01,9,pool,multiprocessing.Pool,POOL,ingest_process_pool,,SAFE,5.0,0.0,0.0,0.0,0.0,0.0,0.0,0.0,1.0,1.0,0.0,2.5,0.0,0.0,0.0
S-0392#9:pool,S-0392,dataset/real_code/synthesized/loop_try_finally/loop_try_finally__process_pool__billing.py,real_code,synthesized,synth:loop_try_finally,train,0,0,,EC-LOOP-01,9,pool,multiprocessing.Pool,POOL,billing_process_pool,,SAFE,5.0,0.0,0.0,0.0,0.0,0.0,0.0,0.0,1.0,1.0,0.0,2.5,0.0,0.0,0.0
S-0393#9:pool,S-0393,dataset/real_code/synthesized/loop_try_finally/loop_try_finally__thread_pool__ingest.py,real_code,synthesized,synth:loop_try_finally,train,0,0,,EC-LOOP-01,9,pool,concurrent.futures.ThreadPoolExecutor,POOL,ingest_thread_pool,,SAFE,5.0,0.0,0.0,0.0,0.0,0.0,0.0,0.0,1.0,1.0,0.0,2.5,0.0,0.0,0.0
S-0394#9:pool,S-0394,dataset/real_code/synthesized/loop_try_finally/loop_try_finally__thread_pool__billing.py,real_code,synthesized,synth:loop_try_finally,train,0,0,,EC-LOOP-01,9,pool,concurrent.futures.ThreadPoolExecutor,POOL,billing_thread_pool,,SAFE,5.0,0.0,0.0,0.0,0.0,0.0,0.0,0.0,1.0,1.0,0.0,2.5,0.0,0.0,0.0
S-0395#9:handle,S-0395,dataset/real_code/synthesized/helper_closes_param/helper_closes_param__file_text__ingest.py,real_code,synthesized,synth:helper_closes_param,test,0,0,,EC-INTER-01,9,handle,open,FILE,ingest_file_text,,SAFE,1.0,1.0,0.0,0.0,0.0,1.0,1.0,0.0,0.0,1.0,0.0,1.0,0.0,0.0,1.0
S-0396#9:handle,S-0396,dataset/real_code/synthesized/helper_closes_param/helper_closes_param__file_text__billing.py,real_code,synthesized,synth:helper_closes_param,test,0,0,,EC-INTER-01,9,handle,open,FILE,billing_file_text,,SAFE,1.0,1.0,0.0,0.0,0.0,1.0,1.0,0.0,0.0,1.0,0.0,1.0,0.0,0.0,1.0
S-0397#11:handle,S-0397,dataset/real_code/synthesized/helper_closes_param/helper_closes_param__file_binary__ingest.py,real_code,synthesized,synth:helper_closes_param,test,0,0,,EC-INTER-01,11,handle,io.open,FILE,ingest_file_binary,,SAFE,1.0,1.0,0.0,0.0,0.0,1.0,1.0,0.0,0.0,1.0,0.0,1.0,0.0,0.0,1.0
S-0398#11:handle,S-0398,dataset/real_code/synthesized/helper_closes_param/helper_closes_param__file_binary__billing.py,real_code,synthesized,synth:helper_closes_param,test,0,0,,EC-INTER-01,11,handle,io.open,FILE,billing_file_binary,,SAFE,1.0,1.0,0.0,0.0,0.0,1.0,1.0,0.0,0.0,1.0,0.0,1.0,0.0,0.0,1.0
S-0399#11:handle,S-0399,dataset/real_code/synthesized/helper_closes_param/helper_closes_param__file_codecs__ingest.py,real_code,synthesized,synth:helper_closes_param,test,0,0,,EC-INTER-01,11,handle,codecs.open,FILE,ingest_file_codecs,,SAFE,1.0,1.0,0.0,0.0,0.0,1.0,1.0,0.0,0.0,1.0,0.0,1.0,0.0,0.0,1.0
S-0400#11:handle,S-0400,dataset/real_code/synthesized/helper_closes_param/helper_closes_param__file_codecs__billing.py,real_code,synthesized,synth:helper_closes_param,test,0,0,,EC-INTER-01,11,handle,codecs.open,FILE,billing_file_codecs,,SAFE,1.0,1.0,0.0,0.0,0.0,1.0,1.0,0.0,0.0,1.0,0.0,1.0,0.0,0.0,1.0
S-0401#11:handle,S-0401,dataset/real_code/synthesized/helper_closes_param/helper_closes_param__file_gzip__ingest.py,real_code,synthesized,synth:helper_closes_param,test,0,0,,EC-INTER-01,11,handle,gzip.open,FILE,ingest_file_gzip,,SAFE,1.0,1.0,0.0,0.0,0.0,1.0,1.0,0.0,0.0,1.0,0.0,1.0,0.0,0.0,1.0
S-0402#11:handle,S-0402,dataset/real_code/synthesized/helper_closes_param/helper_closes_param__file_gzip__billing.py,real_code,synthesized,synth:helper_closes_param,test,0,0,,EC-INTER-01,11,handle,gzip.open,FILE,billing_file_gzip,,SAFE,1.0,1.0,0.0,0.0,0.0,1.0,1.0,0.0,0.0,1.0,0.0,1.0,0.0,0.0,1.0
S-0403#11:handle,S-0403,dataset/real_code/synthesized/helper_closes_param/helper_closes_param__file_temp__ingest.py,real_code,synthesized,synth:helper_closes_param,test,0,0,,EC-INTER-01,11,handle,tempfile.NamedTemporaryFile,FILE,ingest_file_temp,,SAFE,1.0,1.0,0.0,0.0,0.0,1.0,1.0,0.0,0.0,1.0,0.0,1.0,0.0,0.0,1.0
S-0404#11:handle,S-0404,dataset/real_code/synthesized/helper_closes_param/helper_closes_param__file_temp__billing.py,real_code,synthesized,synth:helper_closes_param,test,0,0,,EC-INTER-01,11,handle,tempfile.NamedTemporaryFile,FILE,billing_file_temp,,SAFE,1.0,1.0,0.0,0.0,0.0,1.0,1.0,0.0,0.0,1.0,0.0,1.0,0.0,0.0,1.0
S-0405#11:archive,S-0405,dataset/real_code/synthesized/helper_closes_param/helper_closes_param__file_zip__ingest.py,real_code,synthesized,synth:helper_closes_param,test,0,0,,EC-INTER-01,11,archive,zipfile.ZipFile,FILE,ingest_file_zip,,SAFE,1.0,1.0,0.0,0.0,0.0,1.0,1.0,0.0,0.0,1.0,0.0,1.0,0.0,0.0,1.0
S-0406#11:archive,S-0406,dataset/real_code/synthesized/helper_closes_param/helper_closes_param__file_zip__billing.py,real_code,synthesized,synth:helper_closes_param,test,0,0,,EC-INTER-01,11,archive,zipfile.ZipFile,FILE,billing_file_zip,,SAFE,1.0,1.0,0.0,0.0,0.0,1.0,1.0,0.0,0.0,1.0,0.0,1.0,0.0,0.0,1.0
S-0407#11:shelf,S-0407,dataset/real_code/synthesized/helper_closes_param/helper_closes_param__file_shelf__ingest.py,real_code,synthesized,synth:helper_closes_param,test,0,0,,EC-INTER-01,11,shelf,shelve.open,FILE,ingest_file_shelf,,SAFE,1.0,1.0,0.0,0.0,0.0,1.0,1.0,0.0,0.0,1.0,0.0,1.0,0.0,0.0,1.0
S-0408#11:shelf,S-0408,dataset/real_code/synthesized/helper_closes_param/helper_closes_param__file_shelf__billing.py,real_code,synthesized,synth:helper_closes_param,test,0,0,,EC-INTER-01,11,shelf,shelve.open,FILE,billing_file_shelf,,SAFE,1.0,1.0,0.0,0.0,0.0,1.0,1.0,0.0,0.0,1.0,0.0,1.0,0.0,0.0,1.0
S-0409#11:archive,S-0409,dataset/real_code/synthesized/helper_closes_param/helper_closes_param__file_tar__ingest.py,real_code,synthesized,synth:helper_closes_param,test,0,0,,EC-INTER-01,11,archive,tarfile.open,FILE,ingest_file_tar,,SAFE,1.0,1.0,0.0,0.0,0.0,1.0,1.0,0.0,0.0,1.0,0.0,1.0,0.0,0.0,1.0
S-0410#11:archive,S-0410,dataset/real_code/synthesized/helper_closes_param/helper_closes_param__file_tar__billing.py,real_code,synthesized,synth:helper_closes_param,test,0,0,,EC-INTER-01,11,archive,tarfile.open,FILE,billing_file_tar,,SAFE,1.0,1.0,0.0,0.0,0.0,1.0,1.0,0.0,0.0,1.0,0.0,1.0,0.0,0.0,1.0
S-0411#11:connection,S-0411,dataset/real_code/synthesized/helper_closes_param/helper_closes_param__socket_raw__ingest.py,real_code,synthesized,synth:helper_closes_param,test,0,0,,EC-INTER-01,11,connection,socket.socket,SOCKET,ingest_socket_raw,,SAFE,2.0,1.0,0.0,0.0,0.0,1.0,1.0,0.0,0.0,1.0,0.0,2.0,0.0,0.0,1.0
S-0412#11:connection,S-0412,dataset/real_code/synthesized/helper_closes_param/helper_closes_param__socket_raw__billing.py,real_code,synthesized,synth:helper_closes_param,test,0,0,,EC-INTER-01,11,connection,socket.socket,SOCKET,billing_socket_raw,,SAFE,2.0,1.0,0.0,0.0,0.0,1.0,1.0,0.0,0.0,1.0,0.0,2.0,0.0,0.0,1.0
S-0413#11:connection,S-0413,dataset/real_code/synthesized/helper_closes_param/helper_closes_param__socket_connect__ingest.py,real_code,synthesized,synth:helper_closes_param,test,0,0,,EC-INTER-01,11,connection,socket.create_connection,SOCKET,ingest_socket_connect,,SAFE,2.0,1.0,0.0,0.0,0.0,1.0,1.0,0.0,0.0,1.0,0.0,2.0,0.0,0.0,1.0
S-0414#11:connection,S-0414,dataset/real_code/synthesized/helper_closes_param/helper_closes_param__socket_connect__billing.py,real_code,synthesized,synth:helper_closes_param,test,0,0,,EC-INTER-01,11,connection,socket.create_connection,SOCKET,billing_socket_connect,,SAFE,2.0,1.0,0.0,0.0,0.0,1.0,1.0,0.0,0.0,1.0,0.0,2.0,0.0,0.0,1.0
S-0415#11:connection,S-0415,dataset/real_code/synthesized/helper_closes_param/helper_closes_param__http_conn__ingest.py,real_code,synthesized,synth:helper_closes_param,test,0,0,,EC-INTER-01,11,connection,http.client.HTTPSConnection,SOCKET,ingest_http_conn,,SAFE,2.0,1.0,0.0,0.0,0.0,1.0,1.0,0.0,0.0,1.0,0.0,2.0,0.0,0.0,1.0
S-0416#11:connection,S-0416,dataset/real_code/synthesized/helper_closes_param/helper_closes_param__http_conn__billing.py,real_code,synthesized,synth:helper_closes_param,test,0,0,,EC-INTER-01,11,connection,http.client.HTTPSConnection,SOCKET,billing_http_conn,,SAFE,2.0,1.0,0.0,0.0,0.0,1.0,1.0,0.0,0.0,1.0,0.0,2.0,0.0,0.0,1.0
S-0417#11:response,S-0417,dataset/real_code/synthesized/helper_closes_param/helper_closes_param__urlopen__ingest.py,real_code,synthesized,synth:helper_closes_param,test,0,0,,EC-INTER-01,11,response,urllib.request.urlopen,SOCKET,ingest_urlopen,,SAFE,2.0,1.0,0.0,0.0,0.0,1.0,1.0,0.0,0.0,1.0,0.0,2.0,0.0,0.0,1.0
S-0418#11:response,S-0418,dataset/real_code/synthesized/helper_closes_param/helper_closes_param__urlopen__billing.py,real_code,synthesized,synth:helper_closes_param,test,0,0,,EC-INTER-01,11,response,urllib.request.urlopen,SOCKET,billing_urlopen,,SAFE,2.0,1.0,0.0,0.0,0.0,1.0,1.0,0.0,0.0,1.0,0.0,2.0,0.0,0.0,1.0
S-0419#11:session,S-0419,dataset/real_code/synthesized/helper_closes_param/helper_closes_param__session__ingest.py,real_code,synthesized,synth:helper_closes_param,test,0,0,,EC-INTER-01,11,session,requests.Session,SESSION,ingest_session,,SAFE,1.5,1.0,0.0,0.0,0.0,1.0,1.0,0.0,0.0,1.0,0.0,1.5,0.0,0.0,1.0
S-0420#11:session,S-0420,dataset/real_code/synthesized/helper_closes_param/helper_closes_param__session__billing.py,real_code,synthesized,synth:helper_closes_param,test,0,0,,EC-INTER-01,11,session,requests.Session,SESSION,billing_session,,SAFE,1.5,1.0,0.0,0.0,0.0,1.0,1.0,0.0,0.0,1.0,0.0,1.5,0.0,0.0,1.0
S-0421#11:client,S-0421,dataset/real_code/synthesized/helper_closes_param/helper_closes_param__ftp__ingest.py,real_code,synthesized,synth:helper_closes_param,test,0,0,,EC-INTER-01,11,client,ftplib.FTP,SOCKET,ingest_ftp,,SAFE,2.0,1.0,0.0,0.0,0.0,1.0,1.0,0.0,0.0,1.0,0.0,2.0,0.0,0.0,1.0
S-0422#11:client,S-0422,dataset/real_code/synthesized/helper_closes_param/helper_closes_param__ftp__billing.py,real_code,synthesized,synth:helper_closes_param,test,0,0,,EC-INTER-01,11,client,ftplib.FTP,SOCKET,billing_ftp,,SAFE,2.0,1.0,0.0,0.0,0.0,1.0,1.0,0.0,0.0,1.0,0.0,2.0,0.0,0.0,1.0
S-0423#11:client,S-0423,dataset/real_code/synthesized/helper_closes_param/helper_closes_param__smtp__ingest.py,real_code,synthesized,synth:helper_closes_param,test,0,0,,EC-INTER-01,11,client,smtplib.SMTP,SOCKET,ingest_smtp,,SAFE,2.0,1.0,0.0,0.0,0.0,1.0,1.0,0.0,0.0,1.0,0.0,2.0,0.0,0.0,1.0
S-0424#11:client,S-0424,dataset/real_code/synthesized/helper_closes_param/helper_closes_param__smtp__billing.py,real_code,synthesized,synth:helper_closes_param,test,0,0,,EC-INTER-01,11,client,smtplib.SMTP,SOCKET,billing_smtp,,SAFE,2.0,1.0,0.0,0.0,0.0,1.0,1.0,0.0,0.0,1.0,0.0,2.0,0.0,0.0,1.0
S-0425#11:connection,S-0425,dataset/real_code/synthesized/helper_closes_param/helper_closes_param__sqlite__ingest.py,real_code,synthesized,synth:helper_closes_param,test,0,0,,EC-INTER-01,11,connection,sqlite3.connect,DB,ingest_sqlite,,SAFE,3.0,1.0,0.0,0.0,0.0,1.0,1.0,0.0,0.0,1.0,0.0,3.0,0.0,0.0,1.0
S-0426#11:connection,S-0426,dataset/real_code/synthesized/helper_closes_param/helper_closes_param__sqlite__billing.py,real_code,synthesized,synth:helper_closes_param,test,0,0,,EC-INTER-01,11,connection,sqlite3.connect,DB,billing_sqlite,,SAFE,3.0,1.0,0.0,0.0,0.0,1.0,1.0,0.0,0.0,1.0,0.0,3.0,0.0,0.0,1.0
S-0427#11:connection,S-0427,dataset/real_code/synthesized/helper_closes_param/helper_closes_param__postgres__ingest.py,real_code,synthesized,synth:helper_closes_param,test,0,0,,EC-INTER-01,11,connection,psycopg2.connect,DB,ingest_postgres,,SAFE,3.0,1.0,0.0,0.0,0.0,1.0,1.0,0.0,0.0,1.0,0.0,3.0,0.0,0.0,1.0
S-0428#11:connection,S-0428,dataset/real_code/synthesized/helper_closes_param/helper_closes_param__postgres__billing.py,real_code,synthesized,synth:helper_closes_param,test,0,0,,EC-INTER-01,11,connection,psycopg2.connect,DB,billing_postgres,,SAFE,3.0,1.0,0.0,0.0,0.0,1.0,1.0,0.0,0.0,1.0,0.0,3.0,0.0,0.0,1.0
S-0429#11:connection,S-0429,dataset/real_code/synthesized/helper_closes_param/helper_closes_param__mysql__ingest.py,real_code,synthesized,synth:helper_closes_param,test,0,0,,EC-INTER-01,11,connection,pymysql.connect,DB,ingest_mysql,,SAFE,3.0,1.0,0.0,0.0,0.0,1.0,1.0,0.0,0.0,1.0,0.0,3.0,0.0,0.0,1.0
S-0430#11:connection,S-0430,dataset/real_code/synthesized/helper_closes_param/helper_closes_param__mysql__billing.py,real_code,synthesized,synth:helper_closes_param,test,0,0,,EC-INTER-01,11,connection,pymysql.connect,DB,billing_mysql,,SAFE,3.0,1.0,0.0,0.0,0.0,1.0,1.0,0.0,0.0,1.0,0.0,3.0,0.0,0.0,1.0
S-0431#11:client,S-0431,dataset/real_code/synthesized/helper_closes_param/helper_closes_param__redis_client__ingest.py,real_code,synthesized,synth:helper_closes_param,test,0,0,,EC-INTER-01,11,client,redis.Redis,DB,ingest_redis_client,,SAFE,2.5,1.0,0.0,0.0,0.0,1.0,1.0,0.0,0.0,1.0,0.0,2.5,0.0,0.0,1.0
S-0432#11:client,S-0432,dataset/real_code/synthesized/helper_closes_param/helper_closes_param__redis_client__billing.py,real_code,synthesized,synth:helper_closes_param,test,0,0,,EC-INTER-01,11,client,redis.Redis,DB,billing_redis_client,,SAFE,2.5,1.0,0.0,0.0,0.0,1.0,1.0,0.0,0.0,1.0,0.0,2.5,0.0,0.0,1.0
S-0433#11:client,S-0433,dataset/real_code/synthesized/helper_closes_param/helper_closes_param__mongo__ingest.py,real_code,synthesized,synth:helper_closes_param,test,0,0,,EC-INTER-01,11,client,pymongo.MongoClient,DB,ingest_mongo,,SAFE,3.0,1.0,0.0,0.0,0.0,1.0,1.0,0.0,0.0,1.0,0.0,3.0,0.0,0.0,1.0
S-0434#11:client,S-0434,dataset/real_code/synthesized/helper_closes_param/helper_closes_param__mongo__billing.py,real_code,synthesized,synth:helper_closes_param,test,0,0,,EC-INTER-01,11,client,pymongo.MongoClient,DB,billing_mongo,,SAFE,3.0,1.0,0.0,0.0,0.0,1.0,1.0,0.0,0.0,1.0,0.0,3.0,0.0,0.0,1.0
S-0435#11:process,S-0435,dataset/real_code/synthesized/helper_closes_param/helper_closes_param__subprocess_popen__ingest.py,real_code,synthesized,synth:helper_closes_param,test,0,0,,EC-INTER-01,11,process,subprocess.Popen,PROCESS,ingest_subprocess_popen,,SAFE,2.5,1.0,0.0,0.0,0.0,1.0,1.0,0.0,0.0,1.0,0.0,2.5,0.0,0.0,1.0
S-0436#11:process,S-0436,dataset/real_code/synthesized/helper_closes_param/helper_closes_param__subprocess_popen__billing.py,real_code,synthesized,synth:helper_closes_param,test,0,0,,EC-INTER-01,11,process,subprocess.Popen,PROCESS,billing_subprocess_popen,,SAFE,2.5,1.0,0.0,0.0,0.0,1.0,1.0,0.0,0.0,1.0,0.0,2.5,0.0,0.0,1.0
S-0437#12:pool,S-0437,dataset/real_code/synthesized/helper_closes_param/helper_closes_param__process_pool__ingest.py,real_code,synthesized,synth:helper_closes_param,test,0,0,,EC-INTER-01,12,pool,multiprocessing.Pool,POOL,ingest_process_pool,,SAFE,2.5,1.0,0.0,0.0,0.0,1.0,1.0,0.0,0.0,1.0,0.0,2.5,0.0,0.0,1.0
S-0438#12:pool,S-0438,dataset/real_code/synthesized/helper_closes_param/helper_closes_param__process_pool__billing.py,real_code,synthesized,synth:helper_closes_param,test,0,0,,EC-INTER-01,12,pool,multiprocessing.Pool,POOL,billing_process_pool,,SAFE,2.5,1.0,0.0,0.0,0.0,1.0,1.0,0.0,0.0,1.0,0.0,2.5,0.0,0.0,1.0
S-0439#11:pool,S-0439,dataset/real_code/synthesized/helper_closes_param/helper_closes_param__thread_pool__ingest.py,real_code,synthesized,synth:helper_closes_param,test,0,0,,EC-INTER-01,11,pool,concurrent.futures.ThreadPoolExecutor,POOL,ingest_thread_pool,,SAFE,2.5,1.0,0.0,0.0,0.0,1.0,1.0,0.0,0.0,1.0,0.0,2.5,0.0,0.0,1.0
S-0440#11:pool,S-0440,dataset/real_code/synthesized/helper_closes_param/helper_closes_param__thread_pool__billing.py,real_code,synthesized,synth:helper_closes_param,test,0,0,,EC-INTER-01,11,pool,concurrent.futures.ThreadPoolExecutor,POOL,billing_thread_pool,,SAFE,2.5,1.0,0.0,0.0,0.0,1.0,1.0,0.0,0.0,1.0,0.0,2.5,0.0,0.0,1.0
S-0441#6:self.handle,S-0441,dataset/real_code/synthesized/class_close_method/class_close_method__file_text__ingest.py,real_code,synthesized,synth:class_close_method,train,0,0,,EC-OWN-01,6,self.handle,open,FILE,IngestFileTextClient.__init__,IngestFileTextClient,SAFE,1.0,0.0,0.0,1.0,0.0,0.0,0.0,0.0,0.0,0.0,0.0,1.0,0.0,0.0,0.0
S-0442#6:self.handle,S-0442,dataset/real_code/synthesized/class_close_method/class_close_method__file_text__billing.py,real_code,synthesized,synth:class_close_method,train,0,0,,EC-OWN-01,6,self.handle,open,FILE,BillingFileTextClient.__init__,BillingFileTextClient,SAFE,1.0,0.0,0.0,1.0,0.0,0.0,0.0,0.0,0.0,0.0,0.0,1.0,0.0,0.0,0.0
S-0443#8:self.handle,S-0443,dataset/real_code/synthesized/class_close_method/class_close_method__file_binary__ingest.py,real_code,synthesized,synth:class_close_method,train,0,0,,EC-OWN-01,8,self.handle,io.open,FILE,IngestFileBinaryClient.__init__,IngestFileBinaryClient,SAFE,1.0,0.0,0.0,1.0,0.0,0.0,0.0,0.0,0.0,0.0,0.0,1.0,0.0,0.0,0.0
S-0444#8:self.handle,S-0444,dataset/real_code/synthesized/class_close_method/class_close_method__file_binary__billing.py,real_code,synthesized,synth:class_close_method,train,0,0,,EC-OWN-01,8,self.handle,io.open,FILE,BillingFileBinaryClient.__init__,BillingFileBinaryClient,SAFE,1.0,0.0,0.0,1.0,0.0,0.0,0.0,0.0,0.0,0.0,0.0,1.0,0.0,0.0,0.0
S-0445#8:self.handle,S-0445,dataset/real_code/synthesized/class_close_method/class_close_method__file_codecs__ingest.py,real_code,synthesized,synth:class_close_method,train,0,0,,EC-OWN-01,8,self.handle,codecs.open,FILE,IngestFileCodecsClient.__init__,IngestFileCodecsClient,SAFE,1.0,0.0,0.0,1.0,0.0,0.0,0.0,0.0,0.0,0.0,0.0,1.0,0.0,0.0,0.0
S-0446#8:self.handle,S-0446,dataset/real_code/synthesized/class_close_method/class_close_method__file_codecs__billing.py,real_code,synthesized,synth:class_close_method,train,0,0,,EC-OWN-01,8,self.handle,codecs.open,FILE,BillingFileCodecsClient.__init__,BillingFileCodecsClient,SAFE,1.0,0.0,0.0,1.0,0.0,0.0,0.0,0.0,0.0,0.0,0.0,1.0,0.0,0.0,0.0
S-0447#8:self.handle,S-0447,dataset/real_code/synthesized/class_close_method/class_close_method__file_gzip__ingest.py,real_code,synthesized,synth:class_close_method,train,0,0,,EC-OWN-01,8,self.handle,gzip.open,FILE,IngestFileGzipClient.__init__,IngestFileGzipClient,SAFE,1.0,0.0,0.0,1.0,0.0,0.0,0.0,0.0,0.0,0.0,0.0,1.0,0.0,0.0,0.0
S-0448#8:self.handle,S-0448,dataset/real_code/synthesized/class_close_method/class_close_method__file_gzip__billing.py,real_code,synthesized,synth:class_close_method,train,0,0,,EC-OWN-01,8,self.handle,gzip.open,FILE,BillingFileGzipClient.__init__,BillingFileGzipClient,SAFE,1.0,0.0,0.0,1.0,0.0,0.0,0.0,0.0,0.0,0.0,0.0,1.0,0.0,0.0,0.0
S-0449#8:self.handle,S-0449,dataset/real_code/synthesized/class_close_method/class_close_method__file_temp__ingest.py,real_code,synthesized,synth:class_close_method,train,0,0,,EC-OWN-01,8,self.handle,tempfile.NamedTemporaryFile,FILE,IngestFileTempClient.__init__,IngestFileTempClient,SAFE,1.0,0.0,0.0,1.0,0.0,0.0,0.0,0.0,0.0,0.0,0.0,1.0,0.0,0.0,0.0
S-0450#8:self.handle,S-0450,dataset/real_code/synthesized/class_close_method/class_close_method__file_temp__billing.py,real_code,synthesized,synth:class_close_method,train,0,0,,EC-OWN-01,8,self.handle,tempfile.NamedTemporaryFile,FILE,BillingFileTempClient.__init__,BillingFileTempClient,SAFE,1.0,0.0,0.0,1.0,0.0,0.0,0.0,0.0,0.0,0.0,0.0,1.0,0.0,0.0,0.0
S-0451#8:self.archive,S-0451,dataset/real_code/synthesized/class_close_method/class_close_method__file_zip__ingest.py,real_code,synthesized,synth:class_close_method,train,0,0,,EC-OWN-01,8,self.archive,zipfile.ZipFile,FILE,IngestFileZipClient.__init__,IngestFileZipClient,SAFE,1.0,0.0,0.0,1.0,0.0,0.0,0.0,0.0,0.0,0.0,0.0,1.0,0.0,0.0,0.0
S-0452#8:self.archive,S-0452,dataset/real_code/synthesized/class_close_method/class_close_method__file_zip__billing.py,real_code,synthesized,synth:class_close_method,train,0,0,,EC-OWN-01,8,self.archive,zipfile.ZipFile,FILE,BillingFileZipClient.__init__,BillingFileZipClient,SAFE,1.0,0.0,0.0,1.0,0.0,0.0,0.0,0.0,0.0,0.0,0.0,1.0,0.0,0.0,0.0
S-0453#8:self.shelf,S-0453,dataset/real_code/synthesized/class_close_method/class_close_method__file_shelf__ingest.py,real_code,synthesized,synth:class_close_method,train,0,0,,EC-OWN-01,8,self.shelf,shelve.open,FILE,IngestFileShelfClient.__init__,IngestFileShelfClient,SAFE,1.0,0.0,0.0,1.0,0.0,0.0,0.0,0.0,0.0,0.0,0.0,1.0,0.0,0.0,0.0
S-0454#8:self.shelf,S-0454,dataset/real_code/synthesized/class_close_method/class_close_method__file_shelf__billing.py,real_code,synthesized,synth:class_close_method,train,0,0,,EC-OWN-01,8,self.shelf,shelve.open,FILE,BillingFileShelfClient.__init__,BillingFileShelfClient,SAFE,1.0,0.0,0.0,1.0,0.0,0.0,0.0,0.0,0.0,0.0,0.0,1.0,0.0,0.0,0.0
S-0455#8:self.archive,S-0455,dataset/real_code/synthesized/class_close_method/class_close_method__file_tar__ingest.py,real_code,synthesized,synth:class_close_method,train,0,0,,EC-OWN-01,8,self.archive,tarfile.open,FILE,IngestFileTarClient.__init__,IngestFileTarClient,SAFE,1.0,0.0,0.0,1.0,0.0,0.0,0.0,0.0,0.0,0.0,0.0,1.0,0.0,0.0,0.0
S-0456#8:self.archive,S-0456,dataset/real_code/synthesized/class_close_method/class_close_method__file_tar__billing.py,real_code,synthesized,synth:class_close_method,train,0,0,,EC-OWN-01,8,self.archive,tarfile.open,FILE,BillingFileTarClient.__init__,BillingFileTarClient,SAFE,1.0,0.0,0.0,1.0,0.0,0.0,0.0,0.0,0.0,0.0,0.0,1.0,0.0,0.0,0.0
S-0457#8:self.connection,S-0457,dataset/real_code/synthesized/class_close_method/class_close_method__socket_raw__ingest.py,real_code,synthesized,synth:class_close_method,train,0,0,,EC-OWN-01,8,self.connection,socket.socket,SOCKET,IngestSocketRawClient.__init__,IngestSocketRawClient,SAFE,2.0,0.0,0.0,1.0,0.0,0.0,0.0,0.0,0.0,0.0,0.0,2.0,0.0,0.0,0.0
S-0458#8:self.connection,S-0458,dataset/real_code/synthesized/class_close_method/class_close_method__socket_raw__billing.py,real_code,synthesized,synth:class_close_method,train,0,0,,EC-OWN-01,8,self.connection,socket.socket,SOCKET,BillingSocketRawClient.__init__,BillingSocketRawClient,SAFE,2.0,0.0,0.0,1.0,0.0,0.0,0.0,0.0,0.0,0.0,0.0,2.0,0.0,0.0,0.0
S-0459#8:self.connection,S-0459,dataset/real_code/synthesized/class_close_method/class_close_method__socket_connect__ingest.py,real_code,synthesized,synth:class_close_method,train,0,0,,EC-OWN-01,8,self.connection,socket.create_connection,SOCKET,IngestSocketConnectClient.__init__,IngestSocketConnectClient,SAFE,2.0,0.0,0.0,1.0,0.0,0.0,0.0,0.0,0.0,0.0,0.0,2.0,0.0,0.0,0.0
S-0460#8:self.connection,S-0460,dataset/real_code/synthesized/class_close_method/class_close_method__socket_connect__billing.py,real_code,synthesized,synth:class_close_method,train,0,0,,EC-OWN-01,8,self.connection,socket.create_connection,SOCKET,BillingSocketConnectClient.__init__,BillingSocketConnectClient,SAFE,2.0,0.0,0.0,1.0,0.0,0.0,0.0,0.0,0.0,0.0,0.0,2.0,0.0,0.0,0.0
S-0461#8:self.connection,S-0461,dataset/real_code/synthesized/class_close_method/class_close_method__http_conn__ingest.py,real_code,synthesized,synth:class_close_method,train,0,0,,EC-OWN-01,8,self.connection,http.client.HTTPSConnection,SOCKET,IngestHttpConnClient.__init__,IngestHttpConnClient,SAFE,2.0,0.0,0.0,1.0,0.0,0.0,0.0,0.0,0.0,0.0,0.0,2.0,0.0,0.0,0.0
S-0462#8:self.connection,S-0462,dataset/real_code/synthesized/class_close_method/class_close_method__http_conn__billing.py,real_code,synthesized,synth:class_close_method,train,0,0,,EC-OWN-01,8,self.connection,http.client.HTTPSConnection,SOCKET,BillingHttpConnClient.__init__,BillingHttpConnClient,SAFE,2.0,0.0,0.0,1.0,0.0,0.0,0.0,0.0,0.0,0.0,0.0,2.0,0.0,0.0,0.0
S-0463#8:self.response,S-0463,dataset/real_code/synthesized/class_close_method/class_close_method__urlopen__ingest.py,real_code,synthesized,synth:class_close_method,train,0,0,,EC-OWN-01,8,self.response,urllib.request.urlopen,SOCKET,IngestUrlopenClient.__init__,IngestUrlopenClient,SAFE,2.0,0.0,0.0,1.0,0.0,0.0,0.0,0.0,0.0,0.0,0.0,2.0,0.0,0.0,0.0
S-0464#8:self.response,S-0464,dataset/real_code/synthesized/class_close_method/class_close_method__urlopen__billing.py,real_code,synthesized,synth:class_close_method,train,0,0,,EC-OWN-01,8,self.response,urllib.request.urlopen,SOCKET,BillingUrlopenClient.__init__,BillingUrlopenClient,SAFE,2.0,0.0,0.0,1.0,0.0,0.0,0.0,0.0,0.0,0.0,0.0,2.0,0.0,0.0,0.0
S-0465#8:self.session,S-0465,dataset/real_code/synthesized/class_close_method/class_close_method__session__ingest.py,real_code,synthesized,synth:class_close_method,train,0,0,,EC-OWN-01,8,self.session,requests.Session,SESSION,IngestSessionClient.__init__,IngestSessionClient,SAFE,1.5,0.0,0.0,1.0,0.0,0.0,0.0,0.0,0.0,0.0,0.0,1.5,0.0,0.0,0.0
S-0466#8:self.session,S-0466,dataset/real_code/synthesized/class_close_method/class_close_method__session__billing.py,real_code,synthesized,synth:class_close_method,train,0,0,,EC-OWN-01,8,self.session,requests.Session,SESSION,BillingSessionClient.__init__,BillingSessionClient,SAFE,1.5,0.0,0.0,1.0,0.0,0.0,0.0,0.0,0.0,0.0,0.0,1.5,0.0,0.0,0.0
S-0467#8:self.client,S-0467,dataset/real_code/synthesized/class_close_method/class_close_method__ftp__ingest.py,real_code,synthesized,synth:class_close_method,train,0,0,,EC-OWN-01,8,self.client,ftplib.FTP,SOCKET,IngestFtpClient.__init__,IngestFtpClient,SAFE,2.0,0.0,0.0,1.0,0.0,0.0,0.0,0.0,0.0,0.0,0.0,2.0,0.0,0.0,0.0
S-0468#8:self.client,S-0468,dataset/real_code/synthesized/class_close_method/class_close_method__ftp__billing.py,real_code,synthesized,synth:class_close_method,train,0,0,,EC-OWN-01,8,self.client,ftplib.FTP,SOCKET,BillingFtpClient.__init__,BillingFtpClient,SAFE,2.0,0.0,0.0,1.0,0.0,0.0,0.0,0.0,0.0,0.0,0.0,2.0,0.0,0.0,0.0
S-0469#8:self.client,S-0469,dataset/real_code/synthesized/class_close_method/class_close_method__smtp__ingest.py,real_code,synthesized,synth:class_close_method,train,0,0,,EC-OWN-01,8,self.client,smtplib.SMTP,SOCKET,IngestSmtpClient.__init__,IngestSmtpClient,SAFE,2.0,0.0,0.0,1.0,0.0,0.0,0.0,0.0,0.0,0.0,0.0,2.0,0.0,0.0,0.0
S-0470#8:self.client,S-0470,dataset/real_code/synthesized/class_close_method/class_close_method__smtp__billing.py,real_code,synthesized,synth:class_close_method,train,0,0,,EC-OWN-01,8,self.client,smtplib.SMTP,SOCKET,BillingSmtpClient.__init__,BillingSmtpClient,SAFE,2.0,0.0,0.0,1.0,0.0,0.0,0.0,0.0,0.0,0.0,0.0,2.0,0.0,0.0,0.0
S-0471#8:self.connection,S-0471,dataset/real_code/synthesized/class_close_method/class_close_method__sqlite__ingest.py,real_code,synthesized,synth:class_close_method,train,0,0,,EC-OWN-01,8,self.connection,sqlite3.connect,DB,IngestSqliteClient.__init__,IngestSqliteClient,SAFE,3.0,0.0,0.0,1.0,0.0,0.0,0.0,0.0,0.0,0.0,0.0,3.0,0.0,0.0,0.0
S-0472#8:self.connection,S-0472,dataset/real_code/synthesized/class_close_method/class_close_method__sqlite__billing.py,real_code,synthesized,synth:class_close_method,train,0,0,,EC-OWN-01,8,self.connection,sqlite3.connect,DB,BillingSqliteClient.__init__,BillingSqliteClient,SAFE,3.0,0.0,0.0,1.0,0.0,0.0,0.0,0.0,0.0,0.0,0.0,3.0,0.0,0.0,0.0
S-0473#8:self.connection,S-0473,dataset/real_code/synthesized/class_close_method/class_close_method__postgres__ingest.py,real_code,synthesized,synth:class_close_method,train,0,0,,EC-OWN-01,8,self.connection,psycopg2.connect,DB,IngestPostgresClient.__init__,IngestPostgresClient,SAFE,3.0,0.0,0.0,1.0,0.0,0.0,0.0,0.0,0.0,0.0,0.0,3.0,0.0,0.0,0.0
S-0474#8:self.connection,S-0474,dataset/real_code/synthesized/class_close_method/class_close_method__postgres__billing.py,real_code,synthesized,synth:class_close_method,train,0,0,,EC-OWN-01,8,self.connection,psycopg2.connect,DB,BillingPostgresClient.__init__,BillingPostgresClient,SAFE,3.0,0.0,0.0,1.0,0.0,0.0,0.0,0.0,0.0,0.0,0.0,3.0,0.0,0.0,0.0
S-0475#8:self.connection,S-0475,dataset/real_code/synthesized/class_close_method/class_close_method__mysql__ingest.py,real_code,synthesized,synth:class_close_method,train,0,0,,EC-OWN-01,8,self.connection,pymysql.connect,DB,IngestMysqlClient.__init__,IngestMysqlClient,SAFE,3.0,0.0,0.0,1.0,0.0,0.0,0.0,0.0,0.0,0.0,0.0,3.0,0.0,0.0,0.0
S-0476#8:self.connection,S-0476,dataset/real_code/synthesized/class_close_method/class_close_method__mysql__billing.py,real_code,synthesized,synth:class_close_method,train,0,0,,EC-OWN-01,8,self.connection,pymysql.connect,DB,BillingMysqlClient.__init__,BillingMysqlClient,SAFE,3.0,0.0,0.0,1.0,0.0,0.0,0.0,0.0,0.0,0.0,0.0,3.0,0.0,0.0,0.0
S-0477#8:self.client,S-0477,dataset/real_code/synthesized/class_close_method/class_close_method__redis_client__ingest.py,real_code,synthesized,synth:class_close_method,train,0,0,,EC-OWN-01,8,self.client,redis.Redis,DB,IngestRedisClientClient.__init__,IngestRedisClientClient,SAFE,2.5,0.0,0.0,1.0,0.0,0.0,0.0,0.0,0.0,0.0,0.0,2.5,0.0,0.0,0.0
S-0478#8:self.client,S-0478,dataset/real_code/synthesized/class_close_method/class_close_method__redis_client__billing.py,real_code,synthesized,synth:class_close_method,train,0,0,,EC-OWN-01,8,self.client,redis.Redis,DB,BillingRedisClientClient.__init__,BillingRedisClientClient,SAFE,2.5,0.0,0.0,1.0,0.0,0.0,0.0,0.0,0.0,0.0,0.0,2.5,0.0,0.0,0.0
S-0479#8:self.client,S-0479,dataset/real_code/synthesized/class_close_method/class_close_method__mongo__ingest.py,real_code,synthesized,synth:class_close_method,train,0,0,,EC-OWN-01,8,self.client,pymongo.MongoClient,DB,IngestMongoClient.__init__,IngestMongoClient,SAFE,3.0,0.0,0.0,1.0,0.0,0.0,0.0,0.0,0.0,0.0,0.0,3.0,0.0,0.0,0.0
S-0480#8:self.client,S-0480,dataset/real_code/synthesized/class_close_method/class_close_method__mongo__billing.py,real_code,synthesized,synth:class_close_method,train,0,0,,EC-OWN-01,8,self.client,pymongo.MongoClient,DB,BillingMongoClient.__init__,BillingMongoClient,SAFE,3.0,0.0,0.0,1.0,0.0,0.0,0.0,0.0,0.0,0.0,0.0,3.0,0.0,0.0,0.0
S-0481#8:self.process,S-0481,dataset/real_code/synthesized/class_close_method/class_close_method__subprocess_popen__ingest.py,real_code,synthesized,synth:class_close_method,train,0,0,,EC-OWN-01,8,self.process,subprocess.Popen,PROCESS,IngestSubprocessPopenClient.__init__,IngestSubprocessPopenClient,SAFE,2.5,0.0,0.0,1.0,0.0,0.0,0.0,0.0,0.0,0.0,0.0,2.5,0.0,0.0,0.0
S-0482#8:self.process,S-0482,dataset/real_code/synthesized/class_close_method/class_close_method__subprocess_popen__billing.py,real_code,synthesized,synth:class_close_method,train,0,0,,EC-OWN-01,8,self.process,subprocess.Popen,PROCESS,BillingSubprocessPopenClient.__init__,BillingSubprocessPopenClient,SAFE,2.5,0.0,0.0,1.0,0.0,0.0,0.0,0.0,0.0,0.0,0.0,2.5,0.0,0.0,0.0
S-0483#8:self.pool,S-0483,dataset/real_code/synthesized/class_close_method/class_close_method__process_pool__ingest.py,real_code,synthesized,synth:class_close_method,train,0,0,,EC-OWN-01,8,self.pool,multiprocessing.Pool,POOL,IngestProcessPoolClient.__init__,IngestProcessPoolClient,SAFE,2.5,0.0,0.0,1.0,0.0,0.0,0.0,0.0,0.0,0.0,0.0,2.5,0.0,0.0,0.0
S-0484#8:self.pool,S-0484,dataset/real_code/synthesized/class_close_method/class_close_method__process_pool__billing.py,real_code,synthesized,synth:class_close_method,train,0,0,,EC-OWN-01,8,self.pool,multiprocessing.Pool,POOL,BillingProcessPoolClient.__init__,BillingProcessPoolClient,SAFE,2.5,0.0,0.0,1.0,0.0,0.0,0.0,0.0,0.0,0.0,0.0,2.5,0.0,0.0,0.0
S-0485#8:self.pool,S-0485,dataset/real_code/synthesized/class_close_method/class_close_method__thread_pool__ingest.py,real_code,synthesized,synth:class_close_method,train,0,0,,EC-OWN-01,8,self.pool,concurrent.futures.ThreadPoolExecutor,POOL,IngestThreadPoolClient.__init__,IngestThreadPoolClient,SAFE,2.5,0.0,0.0,1.0,0.0,0.0,0.0,0.0,0.0,0.0,0.0,2.5,0.0,0.0,0.0
S-0486#8:self.pool,S-0486,dataset/real_code/synthesized/class_close_method/class_close_method__thread_pool__billing.py,real_code,synthesized,synth:class_close_method,train,0,0,,EC-OWN-01,8,self.pool,concurrent.futures.ThreadPoolExecutor,POOL,BillingThreadPoolClient.__init__,BillingThreadPoolClient,SAFE,2.5,0.0,0.0,1.0,0.0,0.0,0.0,0.0,0.0,0.0,0.0,2.5,0.0,0.0,0.0
S-0487#6:self.handle,S-0487,dataset/real_code/synthesized/class_exit_method/class_exit_method__file_text__ingest.py,real_code,synthesized,synth:class_exit_method,train,0,0,,EC-OWN-01,6,self.handle,open,FILE,IngestFileTextSession.__init__,IngestFileTextSession,SAFE,1.0,0.0,0.0,1.0,0.0,0.0,0.0,0.0,0.0,0.0,0.0,1.0,0.0,0.0,0.0
S-0488#6:self.handle,S-0488,dataset/real_code/synthesized/class_exit_method/class_exit_method__file_text__billing.py,real_code,synthesized,synth:class_exit_method,train,0,0,,EC-OWN-01,6,self.handle,open,FILE,BillingFileTextSession.__init__,BillingFileTextSession,SAFE,1.0,0.0,0.0,1.0,0.0,0.0,0.0,0.0,0.0,0.0,0.0,1.0,0.0,0.0,0.0
S-0489#8:self.handle,S-0489,dataset/real_code/synthesized/class_exit_method/class_exit_method__file_binary__ingest.py,real_code,synthesized,synth:class_exit_method,train,0,0,,EC-OWN-01,8,self.handle,io.open,FILE,IngestFileBinarySession.__init__,IngestFileBinarySession,SAFE,1.0,0.0,0.0,1.0,0.0,0.0,0.0,0.0,0.0,0.0,0.0,1.0,0.0,0.0,0.0
S-0490#8:self.handle,S-0490,dataset/real_code/synthesized/class_exit_method/class_exit_method__file_binary__billing.py,real_code,synthesized,synth:class_exit_method,train,0,0,,EC-OWN-01,8,self.handle,io.open,FILE,BillingFileBinarySession.__init__,BillingFileBinarySession,SAFE,1.0,0.0,0.0,1.0,0.0,0.0,0.0,0.0,0.0,0.0,0.0,1.0,0.0,0.0,0.0
S-0491#8:self.handle,S-0491,dataset/real_code/synthesized/class_exit_method/class_exit_method__file_codecs__ingest.py,real_code,synthesized,synth:class_exit_method,train,0,0,,EC-OWN-01,8,self.handle,codecs.open,FILE,IngestFileCodecsSession.__init__,IngestFileCodecsSession,SAFE,1.0,0.0,0.0,1.0,0.0,0.0,0.0,0.0,0.0,0.0,0.0,1.0,0.0,0.0,0.0
S-0492#8:self.handle,S-0492,dataset/real_code/synthesized/class_exit_method/class_exit_method__file_codecs__billing.py,real_code,synthesized,synth:class_exit_method,train,0,0,,EC-OWN-01,8,self.handle,codecs.open,FILE,BillingFileCodecsSession.__init__,BillingFileCodecsSession,SAFE,1.0,0.0,0.0,1.0,0.0,0.0,0.0,0.0,0.0,0.0,0.0,1.0,0.0,0.0,0.0
S-0493#8:self.handle,S-0493,dataset/real_code/synthesized/class_exit_method/class_exit_method__file_gzip__ingest.py,real_code,synthesized,synth:class_exit_method,train,0,0,,EC-OWN-01,8,self.handle,gzip.open,FILE,IngestFileGzipSession.__init__,IngestFileGzipSession,SAFE,1.0,0.0,0.0,1.0,0.0,0.0,0.0,0.0,0.0,0.0,0.0,1.0,0.0,0.0,0.0
S-0494#8:self.handle,S-0494,dataset/real_code/synthesized/class_exit_method/class_exit_method__file_gzip__billing.py,real_code,synthesized,synth:class_exit_method,train,0,0,,EC-OWN-01,8,self.handle,gzip.open,FILE,BillingFileGzipSession.__init__,BillingFileGzipSession,SAFE,1.0,0.0,0.0,1.0,0.0,0.0,0.0,0.0,0.0,0.0,0.0,1.0,0.0,0.0,0.0
S-0495#8:self.handle,S-0495,dataset/real_code/synthesized/class_exit_method/class_exit_method__file_temp__ingest.py,real_code,synthesized,synth:class_exit_method,train,0,0,,EC-OWN-01,8,self.handle,tempfile.NamedTemporaryFile,FILE,IngestFileTempSession.__init__,IngestFileTempSession,SAFE,1.0,0.0,0.0,1.0,0.0,0.0,0.0,0.0,0.0,0.0,0.0,1.0,0.0,0.0,0.0
S-0496#8:self.handle,S-0496,dataset/real_code/synthesized/class_exit_method/class_exit_method__file_temp__billing.py,real_code,synthesized,synth:class_exit_method,train,0,0,,EC-OWN-01,8,self.handle,tempfile.NamedTemporaryFile,FILE,BillingFileTempSession.__init__,BillingFileTempSession,SAFE,1.0,0.0,0.0,1.0,0.0,0.0,0.0,0.0,0.0,0.0,0.0,1.0,0.0,0.0,0.0
S-0497#8:self.archive,S-0497,dataset/real_code/synthesized/class_exit_method/class_exit_method__file_zip__ingest.py,real_code,synthesized,synth:class_exit_method,train,0,0,,EC-OWN-01,8,self.archive,zipfile.ZipFile,FILE,IngestFileZipSession.__init__,IngestFileZipSession,SAFE,1.0,0.0,0.0,1.0,0.0,0.0,0.0,0.0,0.0,0.0,0.0,1.0,0.0,0.0,0.0
S-0498#8:self.archive,S-0498,dataset/real_code/synthesized/class_exit_method/class_exit_method__file_zip__billing.py,real_code,synthesized,synth:class_exit_method,train,0,0,,EC-OWN-01,8,self.archive,zipfile.ZipFile,FILE,BillingFileZipSession.__init__,BillingFileZipSession,SAFE,1.0,0.0,0.0,1.0,0.0,0.0,0.0,0.0,0.0,0.0,0.0,1.0,0.0,0.0,0.0
S-0499#8:self.shelf,S-0499,dataset/real_code/synthesized/class_exit_method/class_exit_method__file_shelf__ingest.py,real_code,synthesized,synth:class_exit_method,train,0,0,,EC-OWN-01,8,self.shelf,shelve.open,FILE,IngestFileShelfSession.__init__,IngestFileShelfSession,SAFE,1.0,0.0,0.0,1.0,0.0,0.0,0.0,0.0,0.0,0.0,0.0,1.0,0.0,0.0,0.0
S-0500#8:self.shelf,S-0500,dataset/real_code/synthesized/class_exit_method/class_exit_method__file_shelf__billing.py,real_code,synthesized,synth:class_exit_method,train,0,0,,EC-OWN-01,8,self.shelf,shelve.open,FILE,BillingFileShelfSession.__init__,BillingFileShelfSession,SAFE,1.0,0.0,0.0,1.0,0.0,0.0,0.0,0.0,0.0,0.0,0.0,1.0,0.0,0.0,0.0
S-0501#8:self.archive,S-0501,dataset/real_code/synthesized/class_exit_method/class_exit_method__file_tar__ingest.py,real_code,synthesized,synth:class_exit_method,train,0,0,,EC-OWN-01,8,self.archive,tarfile.open,FILE,IngestFileTarSession.__init__,IngestFileTarSession,SAFE,1.0,0.0,0.0,1.0,0.0,0.0,0.0,0.0,0.0,0.0,0.0,1.0,0.0,0.0,0.0
S-0502#8:self.archive,S-0502,dataset/real_code/synthesized/class_exit_method/class_exit_method__file_tar__billing.py,real_code,synthesized,synth:class_exit_method,train,0,0,,EC-OWN-01,8,self.archive,tarfile.open,FILE,BillingFileTarSession.__init__,BillingFileTarSession,SAFE,1.0,0.0,0.0,1.0,0.0,0.0,0.0,0.0,0.0,0.0,0.0,1.0,0.0,0.0,0.0
S-0503#8:self.connection,S-0503,dataset/real_code/synthesized/class_exit_method/class_exit_method__socket_raw__ingest.py,real_code,synthesized,synth:class_exit_method,train,0,0,,EC-OWN-01,8,self.connection,socket.socket,SOCKET,IngestSocketRawSession.__init__,IngestSocketRawSession,SAFE,2.0,0.0,0.0,1.0,0.0,0.0,0.0,0.0,0.0,0.0,0.0,2.0,0.0,0.0,0.0
S-0504#8:self.connection,S-0504,dataset/real_code/synthesized/class_exit_method/class_exit_method__socket_raw__billing.py,real_code,synthesized,synth:class_exit_method,train,0,0,,EC-OWN-01,8,self.connection,socket.socket,SOCKET,BillingSocketRawSession.__init__,BillingSocketRawSession,SAFE,2.0,0.0,0.0,1.0,0.0,0.0,0.0,0.0,0.0,0.0,0.0,2.0,0.0,0.0,0.0
S-0505#8:self.connection,S-0505,dataset/real_code/synthesized/class_exit_method/class_exit_method__socket_connect__ingest.py,real_code,synthesized,synth:class_exit_method,train,0,0,,EC-OWN-01,8,self.connection,socket.create_connection,SOCKET,IngestSocketConnectSession.__init__,IngestSocketConnectSession,SAFE,2.0,0.0,0.0,1.0,0.0,0.0,0.0,0.0,0.0,0.0,0.0,2.0,0.0,0.0,0.0
S-0506#8:self.connection,S-0506,dataset/real_code/synthesized/class_exit_method/class_exit_method__socket_connect__billing.py,real_code,synthesized,synth:class_exit_method,train,0,0,,EC-OWN-01,8,self.connection,socket.create_connection,SOCKET,BillingSocketConnectSession.__init__,BillingSocketConnectSession,SAFE,2.0,0.0,0.0,1.0,0.0,0.0,0.0,0.0,0.0,0.0,0.0,2.0,0.0,0.0,0.0
S-0507#8:self.connection,S-0507,dataset/real_code/synthesized/class_exit_method/class_exit_method__http_conn__ingest.py,real_code,synthesized,synth:class_exit_method,train,0,0,,EC-OWN-01,8,self.connection,http.client.HTTPSConnection,SOCKET,IngestHttpConnSession.__init__,IngestHttpConnSession,SAFE,2.0,0.0,0.0,1.0,0.0,0.0,0.0,0.0,0.0,0.0,0.0,2.0,0.0,0.0,0.0
S-0508#8:self.connection,S-0508,dataset/real_code/synthesized/class_exit_method/class_exit_method__http_conn__billing.py,real_code,synthesized,synth:class_exit_method,train,0,0,,EC-OWN-01,8,self.connection,http.client.HTTPSConnection,SOCKET,BillingHttpConnSession.__init__,BillingHttpConnSession,SAFE,2.0,0.0,0.0,1.0,0.0,0.0,0.0,0.0,0.0,0.0,0.0,2.0,0.0,0.0,0.0
S-0509#8:self.response,S-0509,dataset/real_code/synthesized/class_exit_method/class_exit_method__urlopen__ingest.py,real_code,synthesized,synth:class_exit_method,train,0,0,,EC-OWN-01,8,self.response,urllib.request.urlopen,SOCKET,IngestUrlopenSession.__init__,IngestUrlopenSession,SAFE,2.0,0.0,0.0,1.0,0.0,0.0,0.0,0.0,0.0,0.0,0.0,2.0,0.0,0.0,0.0
S-0510#8:self.response,S-0510,dataset/real_code/synthesized/class_exit_method/class_exit_method__urlopen__billing.py,real_code,synthesized,synth:class_exit_method,train,0,0,,EC-OWN-01,8,self.response,urllib.request.urlopen,SOCKET,BillingUrlopenSession.__init__,BillingUrlopenSession,SAFE,2.0,0.0,0.0,1.0,0.0,0.0,0.0,0.0,0.0,0.0,0.0,2.0,0.0,0.0,0.0
S-0511#8:self.session,S-0511,dataset/real_code/synthesized/class_exit_method/class_exit_method__session__ingest.py,real_code,synthesized,synth:class_exit_method,train,0,0,,EC-OWN-01,8,self.session,requests.Session,SESSION,IngestSessionSession.__init__,IngestSessionSession,SAFE,1.5,0.0,0.0,1.0,0.0,0.0,0.0,0.0,0.0,0.0,0.0,1.5,0.0,0.0,0.0
S-0512#8:self.session,S-0512,dataset/real_code/synthesized/class_exit_method/class_exit_method__session__billing.py,real_code,synthesized,synth:class_exit_method,train,0,0,,EC-OWN-01,8,self.session,requests.Session,SESSION,BillingSessionSession.__init__,BillingSessionSession,SAFE,1.5,0.0,0.0,1.0,0.0,0.0,0.0,0.0,0.0,0.0,0.0,1.5,0.0,0.0,0.0
S-0513#8:self.client,S-0513,dataset/real_code/synthesized/class_exit_method/class_exit_method__ftp__ingest.py,real_code,synthesized,synth:class_exit_method,train,0,0,,EC-OWN-01,8,self.client,ftplib.FTP,SOCKET,IngestFtpSession.__init__,IngestFtpSession,SAFE,2.0,0.0,0.0,1.0,0.0,0.0,0.0,0.0,0.0,0.0,0.0,2.0,0.0,0.0,0.0
S-0514#8:self.client,S-0514,dataset/real_code/synthesized/class_exit_method/class_exit_method__ftp__billing.py,real_code,synthesized,synth:class_exit_method,train,0,0,,EC-OWN-01,8,self.client,ftplib.FTP,SOCKET,BillingFtpSession.__init__,BillingFtpSession,SAFE,2.0,0.0,0.0,1.0,0.0,0.0,0.0,0.0,0.0,0.0,0.0,2.0,0.0,0.0,0.0
S-0515#8:self.client,S-0515,dataset/real_code/synthesized/class_exit_method/class_exit_method__smtp__ingest.py,real_code,synthesized,synth:class_exit_method,train,0,0,,EC-OWN-01,8,self.client,smtplib.SMTP,SOCKET,IngestSmtpSession.__init__,IngestSmtpSession,SAFE,2.0,0.0,0.0,1.0,0.0,0.0,0.0,0.0,0.0,0.0,0.0,2.0,0.0,0.0,0.0
S-0516#8:self.client,S-0516,dataset/real_code/synthesized/class_exit_method/class_exit_method__smtp__billing.py,real_code,synthesized,synth:class_exit_method,train,0,0,,EC-OWN-01,8,self.client,smtplib.SMTP,SOCKET,BillingSmtpSession.__init__,BillingSmtpSession,SAFE,2.0,0.0,0.0,1.0,0.0,0.0,0.0,0.0,0.0,0.0,0.0,2.0,0.0,0.0,0.0
S-0517#8:self.connection,S-0517,dataset/real_code/synthesized/class_exit_method/class_exit_method__sqlite__ingest.py,real_code,synthesized,synth:class_exit_method,train,0,0,,EC-OWN-01,8,self.connection,sqlite3.connect,DB,IngestSqliteSession.__init__,IngestSqliteSession,SAFE,3.0,0.0,0.0,1.0,0.0,0.0,0.0,0.0,0.0,0.0,0.0,3.0,0.0,0.0,0.0
S-0518#8:self.connection,S-0518,dataset/real_code/synthesized/class_exit_method/class_exit_method__sqlite__billing.py,real_code,synthesized,synth:class_exit_method,train,0,0,,EC-OWN-01,8,self.connection,sqlite3.connect,DB,BillingSqliteSession.__init__,BillingSqliteSession,SAFE,3.0,0.0,0.0,1.0,0.0,0.0,0.0,0.0,0.0,0.0,0.0,3.0,0.0,0.0,0.0
S-0519#8:self.connection,S-0519,dataset/real_code/synthesized/class_exit_method/class_exit_method__postgres__ingest.py,real_code,synthesized,synth:class_exit_method,train,0,0,,EC-OWN-01,8,self.connection,psycopg2.connect,DB,IngestPostgresSession.__init__,IngestPostgresSession,SAFE,3.0,0.0,0.0,1.0,0.0,0.0,0.0,0.0,0.0,0.0,0.0,3.0,0.0,0.0,0.0
S-0520#8:self.connection,S-0520,dataset/real_code/synthesized/class_exit_method/class_exit_method__postgres__billing.py,real_code,synthesized,synth:class_exit_method,train,0,0,,EC-OWN-01,8,self.connection,psycopg2.connect,DB,BillingPostgresSession.__init__,BillingPostgresSession,SAFE,3.0,0.0,0.0,1.0,0.0,0.0,0.0,0.0,0.0,0.0,0.0,3.0,0.0,0.0,0.0
S-0521#8:self.connection,S-0521,dataset/real_code/synthesized/class_exit_method/class_exit_method__mysql__ingest.py,real_code,synthesized,synth:class_exit_method,train,0,0,,EC-OWN-01,8,self.connection,pymysql.connect,DB,IngestMysqlSession.__init__,IngestMysqlSession,SAFE,3.0,0.0,0.0,1.0,0.0,0.0,0.0,0.0,0.0,0.0,0.0,3.0,0.0,0.0,0.0
S-0522#8:self.connection,S-0522,dataset/real_code/synthesized/class_exit_method/class_exit_method__mysql__billing.py,real_code,synthesized,synth:class_exit_method,train,0,0,,EC-OWN-01,8,self.connection,pymysql.connect,DB,BillingMysqlSession.__init__,BillingMysqlSession,SAFE,3.0,0.0,0.0,1.0,0.0,0.0,0.0,0.0,0.0,0.0,0.0,3.0,0.0,0.0,0.0
S-0523#8:self.client,S-0523,dataset/real_code/synthesized/class_exit_method/class_exit_method__redis_client__ingest.py,real_code,synthesized,synth:class_exit_method,train,0,0,,EC-OWN-01,8,self.client,redis.Redis,DB,IngestRedisClientSession.__init__,IngestRedisClientSession,SAFE,2.5,0.0,0.0,1.0,0.0,0.0,0.0,0.0,0.0,0.0,0.0,2.5,0.0,0.0,0.0
S-0524#8:self.client,S-0524,dataset/real_code/synthesized/class_exit_method/class_exit_method__redis_client__billing.py,real_code,synthesized,synth:class_exit_method,train,0,0,,EC-OWN-01,8,self.client,redis.Redis,DB,BillingRedisClientSession.__init__,BillingRedisClientSession,SAFE,2.5,0.0,0.0,1.0,0.0,0.0,0.0,0.0,0.0,0.0,0.0,2.5,0.0,0.0,0.0
S-0525#8:self.client,S-0525,dataset/real_code/synthesized/class_exit_method/class_exit_method__mongo__ingest.py,real_code,synthesized,synth:class_exit_method,train,0,0,,EC-OWN-01,8,self.client,pymongo.MongoClient,DB,IngestMongoSession.__init__,IngestMongoSession,SAFE,3.0,0.0,0.0,1.0,0.0,0.0,0.0,0.0,0.0,0.0,0.0,3.0,0.0,0.0,0.0
S-0526#8:self.client,S-0526,dataset/real_code/synthesized/class_exit_method/class_exit_method__mongo__billing.py,real_code,synthesized,synth:class_exit_method,train,0,0,,EC-OWN-01,8,self.client,pymongo.MongoClient,DB,BillingMongoSession.__init__,BillingMongoSession,SAFE,3.0,0.0,0.0,1.0,0.0,0.0,0.0,0.0,0.0,0.0,0.0,3.0,0.0,0.0,0.0
S-0527#8:self.process,S-0527,dataset/real_code/synthesized/class_exit_method/class_exit_method__subprocess_popen__ingest.py,real_code,synthesized,synth:class_exit_method,train,0,0,,EC-OWN-01,8,self.process,subprocess.Popen,PROCESS,IngestSubprocessPopenSession.__init__,IngestSubprocessPopenSession,SAFE,2.5,0.0,0.0,1.0,0.0,0.0,0.0,0.0,0.0,0.0,0.0,2.5,0.0,0.0,0.0
S-0528#8:self.process,S-0528,dataset/real_code/synthesized/class_exit_method/class_exit_method__subprocess_popen__billing.py,real_code,synthesized,synth:class_exit_method,train,0,0,,EC-OWN-01,8,self.process,subprocess.Popen,PROCESS,BillingSubprocessPopenSession.__init__,BillingSubprocessPopenSession,SAFE,2.5,0.0,0.0,1.0,0.0,0.0,0.0,0.0,0.0,0.0,0.0,2.5,0.0,0.0,0.0
S-0529#8:self.pool,S-0529,dataset/real_code/synthesized/class_exit_method/class_exit_method__process_pool__ingest.py,real_code,synthesized,synth:class_exit_method,train,0,0,,EC-OWN-01,8,self.pool,multiprocessing.Pool,POOL,IngestProcessPoolSession.__init__,IngestProcessPoolSession,SAFE,2.5,0.0,0.0,1.0,0.0,0.0,0.0,0.0,0.0,0.0,0.0,2.5,0.0,0.0,0.0
S-0530#8:self.pool,S-0530,dataset/real_code/synthesized/class_exit_method/class_exit_method__process_pool__billing.py,real_code,synthesized,synth:class_exit_method,train,0,0,,EC-OWN-01,8,self.pool,multiprocessing.Pool,POOL,BillingProcessPoolSession.__init__,BillingProcessPoolSession,SAFE,2.5,0.0,0.0,1.0,0.0,0.0,0.0,0.0,0.0,0.0,0.0,2.5,0.0,0.0,0.0
S-0531#8:self.pool,S-0531,dataset/real_code/synthesized/class_exit_method/class_exit_method__thread_pool__ingest.py,real_code,synthesized,synth:class_exit_method,train,0,0,,EC-OWN-01,8,self.pool,concurrent.futures.ThreadPoolExecutor,POOL,IngestThreadPoolSession.__init__,IngestThreadPoolSession,SAFE,2.5,0.0,0.0,1.0,0.0,0.0,0.0,0.0,0.0,0.0,0.0,2.5,0.0,0.0,0.0
S-0532#8:self.pool,S-0532,dataset/real_code/synthesized/class_exit_method/class_exit_method__thread_pool__billing.py,real_code,synthesized,synth:class_exit_method,train,0,0,,EC-OWN-01,8,self.pool,concurrent.futures.ThreadPoolExecutor,POOL,BillingThreadPoolSession.__init__,BillingThreadPoolSession,SAFE,2.5,0.0,0.0,1.0,0.0,0.0,0.0,0.0,0.0,0.0,0.0,2.5,0.0,0.0,0.0
S-0533#8:handle,S-0533,dataset/real_code/synthesized/contextmanager_generator/contextmanager_generator__file_text__ingest.py,real_code,synthesized,synth:contextmanager_generator,train,0,0,,EC-GEN-01,8,handle,open,FILE,ingest_file_text,,SAFE,1.0,0.0,0.0,0.0,0.0,0.0,0.0,0.0,0.0,0.0,0.0,1.0,0.0,0.0,0.0
S-0534#8:handle,S-0534,dataset/real_code/synthesized/contextmanager_generator/contextmanager_generator__file_text__billing.py,real_code,synthesized,synth:contextmanager_generator,train,0,0,,EC-GEN-01,8,handle,open,FILE,billing_file_text,,SAFE,1.0,0.0,0.0,0.0,0.0,0.0,0.0,0.0,0.0,0.0,0.0,1.0,0.0,0.0,0.0
S-0535#9:handle,S-0535,dataset/real_code/synthesized/contextmanager_generator/contextmanager_generator__file_binary__ingest.py,real_code,synthesized,synth:contextmanager_generator,train,0,0,,EC-GEN-01,9,handle,io.open,FILE,ingest_file_binary,,SAFE,1.0,0.0,0.0,0.0,0.0,0.0,0.0,0.0,0.0,0.0,0.0,1.0,0.0,0.0,0.0
S-0536#9:handle,S-0536,dataset/real_code/synthesized/contextmanager_generator/contextmanager_generator__file_binary__billing.py,real_code,synthesized,synth:contextmanager_generator,train,0,0,,EC-GEN-01,9,handle,io.open,FILE,billing_file_binary,,SAFE,1.0,0.0,0.0,0.0,0.0,0.0,0.0,0.0,0.0,0.0,0.0,1.0,0.0,0.0,0.0
S-0537#9:handle,S-0537,dataset/real_code/synthesized/contextmanager_generator/contextmanager_generator__file_codecs__ingest.py,real_code,synthesized,synth:contextmanager_generator,train,0,0,,EC-GEN-01,9,handle,codecs.open,FILE,ingest_file_codecs,,SAFE,1.0,0.0,0.0,0.0,0.0,0.0,0.0,0.0,0.0,0.0,0.0,1.0,0.0,0.0,0.0
S-0538#9:handle,S-0538,dataset/real_code/synthesized/contextmanager_generator/contextmanager_generator__file_codecs__billing.py,real_code,synthesized,synth:contextmanager_generator,train,0,0,,EC-GEN-01,9,handle,codecs.open,FILE,billing_file_codecs,,SAFE,1.0,0.0,0.0,0.0,0.0,0.0,0.0,0.0,0.0,0.0,0.0,1.0,0.0,0.0,0.0
S-0539#9:handle,S-0539,dataset/real_code/synthesized/contextmanager_generator/contextmanager_generator__file_gzip__ingest.py,real_code,synthesized,synth:contextmanager_generator,train,0,0,,EC-GEN-01,9,handle,gzip.open,FILE,ingest_file_gzip,,SAFE,1.0,0.0,0.0,0.0,0.0,0.0,0.0,0.0,0.0,0.0,0.0,1.0,0.0,0.0,0.0
S-0540#9:handle,S-0540,dataset/real_code/synthesized/contextmanager_generator/contextmanager_generator__file_gzip__billing.py,real_code,synthesized,synth:contextmanager_generator,train,0,0,,EC-GEN-01,9,handle,gzip.open,FILE,billing_file_gzip,,SAFE,1.0,0.0,0.0,0.0,0.0,0.0,0.0,0.0,0.0,0.0,0.0,1.0,0.0,0.0,0.0
S-0541#9:handle,S-0541,dataset/real_code/synthesized/contextmanager_generator/contextmanager_generator__file_temp__ingest.py,real_code,synthesized,synth:contextmanager_generator,train,0,0,,EC-GEN-01,9,handle,tempfile.NamedTemporaryFile,FILE,ingest_file_temp,,SAFE,1.0,0.0,0.0,0.0,0.0,0.0,0.0,0.0,0.0,0.0,0.0,1.0,0.0,0.0,0.0
S-0542#9:handle,S-0542,dataset/real_code/synthesized/contextmanager_generator/contextmanager_generator__file_temp__billing.py,real_code,synthesized,synth:contextmanager_generator,train,0,0,,EC-GEN-01,9,handle,tempfile.NamedTemporaryFile,FILE,billing_file_temp,,SAFE,1.0,0.0,0.0,0.0,0.0,0.0,0.0,0.0,0.0,0.0,0.0,1.0,0.0,0.0,0.0
S-0543#9:archive,S-0543,dataset/real_code/synthesized/contextmanager_generator/contextmanager_generator__file_zip__ingest.py,real_code,synthesized,synth:contextmanager_generator,train,0,0,,EC-GEN-01,9,archive,zipfile.ZipFile,FILE,ingest_file_zip,,SAFE,1.0,0.0,0.0,0.0,0.0,0.0,0.0,0.0,0.0,0.0,0.0,1.0,0.0,0.0,0.0
S-0544#9:archive,S-0544,dataset/real_code/synthesized/contextmanager_generator/contextmanager_generator__file_zip__billing.py,real_code,synthesized,synth:contextmanager_generator,train,0,0,,EC-GEN-01,9,archive,zipfile.ZipFile,FILE,billing_file_zip,,SAFE,1.0,0.0,0.0,0.0,0.0,0.0,0.0,0.0,0.0,0.0,0.0,1.0,0.0,0.0,0.0
S-0545#9:shelf,S-0545,dataset/real_code/synthesized/contextmanager_generator/contextmanager_generator__file_shelf__ingest.py,real_code,synthesized,synth:contextmanager_generator,train,0,0,,EC-GEN-01,9,shelf,shelve.open,FILE,ingest_file_shelf,,SAFE,1.0,0.0,0.0,0.0,0.0,0.0,0.0,0.0,0.0,0.0,0.0,1.0,0.0,0.0,0.0
S-0546#9:shelf,S-0546,dataset/real_code/synthesized/contextmanager_generator/contextmanager_generator__file_shelf__billing.py,real_code,synthesized,synth:contextmanager_generator,train,0,0,,EC-GEN-01,9,shelf,shelve.open,FILE,billing_file_shelf,,SAFE,1.0,0.0,0.0,0.0,0.0,0.0,0.0,0.0,0.0,0.0,0.0,1.0,0.0,0.0,0.0
S-0547#9:archive,S-0547,dataset/real_code/synthesized/contextmanager_generator/contextmanager_generator__file_tar__ingest.py,real_code,synthesized,synth:contextmanager_generator,train,0,0,,EC-GEN-01,9,archive,tarfile.open,FILE,ingest_file_tar,,SAFE,1.0,0.0,0.0,0.0,0.0,0.0,0.0,0.0,0.0,0.0,0.0,1.0,0.0,0.0,0.0
S-0548#9:archive,S-0548,dataset/real_code/synthesized/contextmanager_generator/contextmanager_generator__file_tar__billing.py,real_code,synthesized,synth:contextmanager_generator,train,0,0,,EC-GEN-01,9,archive,tarfile.open,FILE,billing_file_tar,,SAFE,1.0,0.0,0.0,0.0,0.0,0.0,0.0,0.0,0.0,0.0,0.0,1.0,0.0,0.0,0.0
S-0549#9:connection,S-0549,dataset/real_code/synthesized/contextmanager_generator/contextmanager_generator__socket_raw__ingest.py,real_code,synthesized,synth:contextmanager_generator,train,0,0,,EC-GEN-01,9,connection,socket.socket,SOCKET,ingest_socket_raw,,SAFE,2.0,0.0,0.0,0.0,0.0,0.0,0.0,0.0,0.0,0.0,0.0,2.0,0.0,0.0,0.0
S-0550#9:connection,S-0550,dataset/real_code/synthesized/contextmanager_generator/contextmanager_generator__socket_raw__billing.py,real_code,synthesized,synth:contextmanager_generator,train,0,0,,EC-GEN-01,9,connection,socket.socket,SOCKET,billing_socket_raw,,SAFE,2.0,0.0,0.0,0.0,0.0,0.0,0.0,0.0,0.0,0.0,0.0,2.0,0.0,0.0,0.0
S-0551#9:connection,S-0551,dataset/real_code/synthesized/contextmanager_generator/contextmanager_generator__socket_connect__ingest.py,real_code,synthesized,synth:contextmanager_generator,train,0,0,,EC-GEN-01,9,connection,socket.create_connection,SOCKET,ingest_socket_connect,,SAFE,2.0,0.0,0.0,0.0,0.0,0.0,0.0,0.0,0.0,0.0,0.0,2.0,0.0,0.0,0.0
S-0552#9:connection,S-0552,dataset/real_code/synthesized/contextmanager_generator/contextmanager_generator__socket_connect__billing.py,real_code,synthesized,synth:contextmanager_generator,train,0,0,,EC-GEN-01,9,connection,socket.create_connection,SOCKET,billing_socket_connect,,SAFE,2.0,0.0,0.0,0.0,0.0,0.0,0.0,0.0,0.0,0.0,0.0,2.0,0.0,0.0,0.0
S-0553#9:connection,S-0553,dataset/real_code/synthesized/contextmanager_generator/contextmanager_generator__http_conn__ingest.py,real_code,synthesized,synth:contextmanager_generator,train,0,0,,EC-GEN-01,9,connection,http.client.HTTPSConnection,SOCKET,ingest_http_conn,,SAFE,2.0,0.0,0.0,0.0,0.0,0.0,0.0,0.0,0.0,0.0,0.0,2.0,0.0,0.0,0.0
S-0554#9:connection,S-0554,dataset/real_code/synthesized/contextmanager_generator/contextmanager_generator__http_conn__billing.py,real_code,synthesized,synth:contextmanager_generator,train,0,0,,EC-GEN-01,9,connection,http.client.HTTPSConnection,SOCKET,billing_http_conn,,SAFE,2.0,0.0,0.0,0.0,0.0,0.0,0.0,0.0,0.0,0.0,0.0,2.0,0.0,0.0,0.0
S-0555#9:response,S-0555,dataset/real_code/synthesized/contextmanager_generator/contextmanager_generator__urlopen__ingest.py,real_code,synthesized,synth:contextmanager_generator,train,0,0,,EC-GEN-01,9,response,urllib.request.urlopen,SOCKET,ingest_urlopen,,SAFE,2.0,0.0,0.0,0.0,0.0,0.0,0.0,0.0,0.0,0.0,0.0,2.0,0.0,0.0,0.0
S-0556#9:response,S-0556,dataset/real_code/synthesized/contextmanager_generator/contextmanager_generator__urlopen__billing.py,real_code,synthesized,synth:contextmanager_generator,train,0,0,,EC-GEN-01,9,response,urllib.request.urlopen,SOCKET,billing_urlopen,,SAFE,2.0,0.0,0.0,0.0,0.0,0.0,0.0,0.0,0.0,0.0,0.0,2.0,0.0,0.0,0.0
S-0557#9:session,S-0557,dataset/real_code/synthesized/contextmanager_generator/contextmanager_generator__session__ingest.py,real_code,synthesized,synth:contextmanager_generator,train,0,0,,EC-GEN-01,9,session,requests.Session,SESSION,ingest_session,,SAFE,1.5,0.0,0.0,0.0,0.0,0.0,0.0,0.0,0.0,0.0,0.0,1.5,0.0,0.0,0.0
S-0558#9:session,S-0558,dataset/real_code/synthesized/contextmanager_generator/contextmanager_generator__session__billing.py,real_code,synthesized,synth:contextmanager_generator,train,0,0,,EC-GEN-01,9,session,requests.Session,SESSION,billing_session,,SAFE,1.5,0.0,0.0,0.0,0.0,0.0,0.0,0.0,0.0,0.0,0.0,1.5,0.0,0.0,0.0
S-0559#9:client,S-0559,dataset/real_code/synthesized/contextmanager_generator/contextmanager_generator__ftp__ingest.py,real_code,synthesized,synth:contextmanager_generator,train,0,0,,EC-GEN-01,9,client,ftplib.FTP,SOCKET,ingest_ftp,,SAFE,2.0,0.0,0.0,0.0,0.0,0.0,0.0,0.0,0.0,0.0,0.0,2.0,0.0,0.0,0.0
S-0560#9:client,S-0560,dataset/real_code/synthesized/contextmanager_generator/contextmanager_generator__ftp__billing.py,real_code,synthesized,synth:contextmanager_generator,train,0,0,,EC-GEN-01,9,client,ftplib.FTP,SOCKET,billing_ftp,,SAFE,2.0,0.0,0.0,0.0,0.0,0.0,0.0,0.0,0.0,0.0,0.0,2.0,0.0,0.0,0.0
S-0561#9:client,S-0561,dataset/real_code/synthesized/contextmanager_generator/contextmanager_generator__smtp__ingest.py,real_code,synthesized,synth:contextmanager_generator,train,0,0,,EC-GEN-01,9,client,smtplib.SMTP,SOCKET,ingest_smtp,,SAFE,2.0,0.0,0.0,0.0,0.0,0.0,0.0,0.0,0.0,0.0,0.0,2.0,0.0,0.0,0.0
S-0562#9:client,S-0562,dataset/real_code/synthesized/contextmanager_generator/contextmanager_generator__smtp__billing.py,real_code,synthesized,synth:contextmanager_generator,train,0,0,,EC-GEN-01,9,client,smtplib.SMTP,SOCKET,billing_smtp,,SAFE,2.0,0.0,0.0,0.0,0.0,0.0,0.0,0.0,0.0,0.0,0.0,2.0,0.0,0.0,0.0
S-0563#9:connection,S-0563,dataset/real_code/synthesized/contextmanager_generator/contextmanager_generator__sqlite__ingest.py,real_code,synthesized,synth:contextmanager_generator,train,0,0,,EC-GEN-01,9,connection,sqlite3.connect,DB,ingest_sqlite,,SAFE,3.0,0.0,0.0,0.0,0.0,0.0,0.0,0.0,0.0,0.0,0.0,3.0,0.0,0.0,0.0
S-0564#9:connection,S-0564,dataset/real_code/synthesized/contextmanager_generator/contextmanager_generator__sqlite__billing.py,real_code,synthesized,synth:contextmanager_generator,train,0,0,,EC-GEN-01,9,connection,sqlite3.connect,DB,billing_sqlite,,SAFE,3.0,0.0,0.0,0.0,0.0,0.0,0.0,0.0,0.0,0.0,0.0,3.0,0.0,0.0,0.0
S-0565#9:connection,S-0565,dataset/real_code/synthesized/contextmanager_generator/contextmanager_generator__postgres__ingest.py,real_code,synthesized,synth:contextmanager_generator,train,0,0,,EC-GEN-01,9,connection,psycopg2.connect,DB,ingest_postgres,,SAFE,3.0,0.0,0.0,0.0,0.0,0.0,0.0,0.0,0.0,0.0,0.0,3.0,0.0,0.0,0.0
S-0566#9:connection,S-0566,dataset/real_code/synthesized/contextmanager_generator/contextmanager_generator__postgres__billing.py,real_code,synthesized,synth:contextmanager_generator,train,0,0,,EC-GEN-01,9,connection,psycopg2.connect,DB,billing_postgres,,SAFE,3.0,0.0,0.0,0.0,0.0,0.0,0.0,0.0,0.0,0.0,0.0,3.0,0.0,0.0,0.0
S-0567#9:connection,S-0567,dataset/real_code/synthesized/contextmanager_generator/contextmanager_generator__mysql__ingest.py,real_code,synthesized,synth:contextmanager_generator,train,0,0,,EC-GEN-01,9,connection,pymysql.connect,DB,ingest_mysql,,SAFE,3.0,0.0,0.0,0.0,0.0,0.0,0.0,0.0,0.0,0.0,0.0,3.0,0.0,0.0,0.0
S-0568#9:connection,S-0568,dataset/real_code/synthesized/contextmanager_generator/contextmanager_generator__mysql__billing.py,real_code,synthesized,synth:contextmanager_generator,train,0,0,,EC-GEN-01,9,connection,pymysql.connect,DB,billing_mysql,,SAFE,3.0,0.0,0.0,0.0,0.0,0.0,0.0,0.0,0.0,0.0,0.0,3.0,0.0,0.0,0.0
S-0569#9:client,S-0569,dataset/real_code/synthesized/contextmanager_generator/contextmanager_generator__redis_client__ingest.py,real_code,synthesized,synth:contextmanager_generator,train,0,0,,EC-GEN-01,9,client,redis.Redis,DB,ingest_redis_client,,SAFE,2.5,0.0,0.0,0.0,0.0,0.0,0.0,0.0,0.0,0.0,0.0,2.5,0.0,0.0,0.0
S-0570#9:client,S-0570,dataset/real_code/synthesized/contextmanager_generator/contextmanager_generator__redis_client__billing.py,real_code,synthesized,synth:contextmanager_generator,train,0,0,,EC-GEN-01,9,client,redis.Redis,DB,billing_redis_client,,SAFE,2.5,0.0,0.0,0.0,0.0,0.0,0.0,0.0,0.0,0.0,0.0,2.5,0.0,0.0,0.0
S-0571#9:client,S-0571,dataset/real_code/synthesized/contextmanager_generator/contextmanager_generator__mongo__ingest.py,real_code,synthesized,synth:contextmanager_generator,train,0,0,,EC-GEN-01,9,client,pymongo.MongoClient,DB,ingest_mongo,,SAFE,3.0,0.0,0.0,0.0,0.0,0.0,0.0,0.0,0.0,0.0,0.0,3.0,0.0,0.0,0.0
S-0572#9:client,S-0572,dataset/real_code/synthesized/contextmanager_generator/contextmanager_generator__mongo__billing.py,real_code,synthesized,synth:contextmanager_generator,train,0,0,,EC-GEN-01,9,client,pymongo.MongoClient,DB,billing_mongo,,SAFE,3.0,0.0,0.0,0.0,0.0,0.0,0.0,0.0,0.0,0.0,0.0,3.0,0.0,0.0,0.0
S-0573#9:process,S-0573,dataset/real_code/synthesized/contextmanager_generator/contextmanager_generator__subprocess_popen__ingest.py,real_code,synthesized,synth:contextmanager_generator,train,0,0,,EC-GEN-01,9,process,subprocess.Popen,PROCESS,ingest_subprocess_popen,,SAFE,2.5,0.0,0.0,0.0,0.0,0.0,0.0,0.0,0.0,0.0,0.0,2.5,0.0,0.0,0.0
S-0574#9:process,S-0574,dataset/real_code/synthesized/contextmanager_generator/contextmanager_generator__subprocess_popen__billing.py,real_code,synthesized,synth:contextmanager_generator,train,0,0,,EC-GEN-01,9,process,subprocess.Popen,PROCESS,billing_subprocess_popen,,SAFE,2.5,0.0,0.0,0.0,0.0,0.0,0.0,0.0,0.0,0.0,0.0,2.5,0.0,0.0,0.0
S-0575#9:pool,S-0575,dataset/real_code/synthesized/contextmanager_generator/contextmanager_generator__process_pool__ingest.py,real_code,synthesized,synth:contextmanager_generator,train,0,0,,EC-GEN-01,9,pool,multiprocessing.Pool,POOL,ingest_process_pool,,SAFE,2.5,0.0,0.0,0.0,0.0,0.0,0.0,0.0,0.0,0.0,0.0,2.5,0.0,0.0,0.0
S-0576#9:pool,S-0576,dataset/real_code/synthesized/contextmanager_generator/contextmanager_generator__process_pool__billing.py,real_code,synthesized,synth:contextmanager_generator,train,0,0,,EC-GEN-01,9,pool,multiprocessing.Pool,POOL,billing_process_pool,,SAFE,2.5,0.0,0.0,0.0,0.0,0.0,0.0,0.0,0.0,0.0,0.0,2.5,0.0,0.0,0.0
S-0577#9:pool,S-0577,dataset/real_code/synthesized/contextmanager_generator/contextmanager_generator__thread_pool__ingest.py,real_code,synthesized,synth:contextmanager_generator,train,0,0,,EC-GEN-01,9,pool,concurrent.futures.ThreadPoolExecutor,POOL,ingest_thread_pool,,SAFE,2.5,0.0,0.0,0.0,0.0,0.0,0.0,0.0,0.0,0.0,0.0,2.5,0.0,0.0,0.0
S-0578#9:pool,S-0578,dataset/real_code/synthesized/contextmanager_generator/contextmanager_generator__thread_pool__billing.py,real_code,synthesized,synth:contextmanager_generator,train,0,0,,EC-GEN-01,9,pool,concurrent.futures.ThreadPoolExecutor,POOL,billing_thread_pool,,SAFE,2.5,0.0,0.0,0.0,0.0,0.0,0.0,0.0,0.0,0.0,0.0,2.5,0.0,0.0,0.0
S-0579#5:handle,S-0579,dataset/real_code/synthesized/generator_finally/generator_finally__file_text__ingest.py,real_code,synthesized,synth:generator_finally,val,0,0,,EC-GEN-02,5,handle,open,FILE,ingest_file_text,,SAFE,1.0,0.0,0.0,0.0,0.0,0.0,0.0,0.0,0.0,1.0,0.0,1.0,0.0,0.0,0.0
S-0580#5:handle,S-0580,dataset/real_code/synthesized/generator_finally/generator_finally__file_text__billing.py,real_code,synthesized,synth:generator_finally,val,0,0,,EC-GEN-02,5,handle,open,FILE,billing_file_text,,SAFE,1.0,0.0,0.0,0.0,0.0,0.0,0.0,0.0,0.0,1.0,0.0,1.0,0.0,0.0,0.0
S-0581#7:handle,S-0581,dataset/real_code/synthesized/generator_finally/generator_finally__file_binary__ingest.py,real_code,synthesized,synth:generator_finally,val,0,0,,EC-GEN-02,7,handle,io.open,FILE,ingest_file_binary,,SAFE,1.0,0.0,0.0,0.0,0.0,0.0,0.0,0.0,0.0,1.0,0.0,1.0,0.0,0.0,0.0
S-0582#7:handle,S-0582,dataset/real_code/synthesized/generator_finally/generator_finally__file_binary__billing.py,real_code,synthesized,synth:generator_finally,val,0,0,,EC-GEN-02,7,handle,io.open,FILE,billing_file_binary,,SAFE,1.0,0.0,0.0,0.0,0.0,0.0,0.0,0.0,0.0,1.0,0.0,1.0,0.0,0.0,0.0
S-0583#7:handle,S-0583,dataset/real_code/synthesized/generator_finally/generator_finally__file_codecs__ingest.py,real_code,synthesized,synth:generator_finally,val,0,0,,EC-GEN-02,7,handle,codecs.open,FILE,ingest_file_codecs,,SAFE,1.0,0.0,0.0,0.0,0.0,0.0,0.0,0.0,0.0,1.0,0.0,1.0,0.0,0.0,0.0
S-0584#7:handle,S-0584,dataset/real_code/synthesized/generator_finally/generator_finally__file_codecs__billing.py,real_code,synthesized,synth:generator_finally,val,0,0,,EC-GEN-02,7,handle,codecs.open,FILE,billing_file_codecs,,SAFE,1.0,0.0,0.0,0.0,0.0,0.0,0.0,0.0,0.0,1.0,0.0,1.0,0.0,0.0,0.0
S-0585#7:handle,S-0585,dataset/real_code/synthesized/generator_finally/generator_finally__file_gzip__ingest.py,real_code,synthesized,synth:generator_finally,val,0,0,,EC-GEN-02,7,handle,gzip.open,FILE,ingest_file_gzip,,SAFE,1.0,0.0,0.0,0.0,0.0,0.0,0.0,0.0,0.0,1.0,0.0,1.0,0.0,0.0,0.0
S-0586#7:handle,S-0586,dataset/real_code/synthesized/generator_finally/generator_finally__file_gzip__billing.py,real_code,synthesized,synth:generator_finally,val,0,0,,EC-GEN-02,7,handle,gzip.open,FILE,billing_file_gzip,,SAFE,1.0,0.0,0.0,0.0,0.0,0.0,0.0,0.0,0.0,1.0,0.0,1.0,0.0,0.0,0.0
S-0587#7:handle,S-0587,dataset/real_code/synthesized/generator_finally/generator_finally__file_temp__ingest.py,real_code,synthesized,synth:generator_finally,val,0,0,,EC-GEN-02,7,handle,tempfile.NamedTemporaryFile,FILE,ingest_file_temp,,SAFE,1.0,0.0,0.0,0.0,0.0,0.0,0.0,0.0,0.0,1.0,0.0,1.0,0.0,0.0,0.0
S-0588#7:handle,S-0588,dataset/real_code/synthesized/generator_finally/generator_finally__file_temp__billing.py,real_code,synthesized,synth:generator_finally,val,0,0,,EC-GEN-02,7,handle,tempfile.NamedTemporaryFile,FILE,billing_file_temp,,SAFE,1.0,0.0,0.0,0.0,0.0,0.0,0.0,0.0,0.0,1.0,0.0,1.0,0.0,0.0,0.0
S-0589#7:archive,S-0589,dataset/real_code/synthesized/generator_finally/generator_finally__file_zip__ingest.py,real_code,synthesized,synth:generator_finally,val,0,0,,EC-GEN-02,7,archive,zipfile.ZipFile,FILE,ingest_file_zip,,SAFE,1.0,0.0,0.0,0.0,0.0,0.0,0.0,0.0,0.0,1.0,0.0,1.0,0.0,0.0,0.0
S-0590#7:archive,S-0590,dataset/real_code/synthesized/generator_finally/generator_finally__file_zip__billing.py,real_code,synthesized,synth:generator_finally,val,0,0,,EC-GEN-02,7,archive,zipfile.ZipFile,FILE,billing_file_zip,,SAFE,1.0,0.0,0.0,0.0,0.0,0.0,0.0,0.0,0.0,1.0,0.0,1.0,0.0,0.0,0.0
S-0591#7:shelf,S-0591,dataset/real_code/synthesized/generator_finally/generator_finally__file_shelf__ingest.py,real_code,synthesized,synth:generator_finally,val,0,0,,EC-GEN-02,7,shelf,shelve.open,FILE,ingest_file_shelf,,SAFE,1.0,0.0,0.0,0.0,0.0,0.0,0.0,0.0,0.0,1.0,0.0,1.0,0.0,0.0,0.0
S-0592#7:shelf,S-0592,dataset/real_code/synthesized/generator_finally/generator_finally__file_shelf__billing.py,real_code,synthesized,synth:generator_finally,val,0,0,,EC-GEN-02,7,shelf,shelve.open,FILE,billing_file_shelf,,SAFE,1.0,0.0,0.0,0.0,0.0,0.0,0.0,0.0,0.0,1.0,0.0,1.0,0.0,0.0,0.0
S-0593#7:archive,S-0593,dataset/real_code/synthesized/generator_finally/generator_finally__file_tar__ingest.py,real_code,synthesized,synth:generator_finally,val,0,0,,EC-GEN-02,7,archive,tarfile.open,FILE,ingest_file_tar,,SAFE,1.0,0.0,0.0,0.0,0.0,0.0,0.0,0.0,0.0,1.0,0.0,1.0,0.0,0.0,0.0
S-0594#7:archive,S-0594,dataset/real_code/synthesized/generator_finally/generator_finally__file_tar__billing.py,real_code,synthesized,synth:generator_finally,val,0,0,,EC-GEN-02,7,archive,tarfile.open,FILE,billing_file_tar,,SAFE,1.0,0.0,0.0,0.0,0.0,0.0,0.0,0.0,0.0,1.0,0.0,1.0,0.0,0.0,0.0
S-0595#7:connection,S-0595,dataset/real_code/synthesized/generator_finally/generator_finally__socket_raw__ingest.py,real_code,synthesized,synth:generator_finally,val,0,0,,EC-GEN-02,7,connection,socket.socket,SOCKET,ingest_socket_raw,,SAFE,2.0,0.0,0.0,0.0,0.0,0.0,0.0,0.0,0.0,1.0,0.0,2.0,0.0,0.0,0.0
S-0596#7:connection,S-0596,dataset/real_code/synthesized/generator_finally/generator_finally__socket_raw__billing.py,real_code,synthesized,synth:generator_finally,val,0,0,,EC-GEN-02,7,connection,socket.socket,SOCKET,billing_socket_raw,,SAFE,2.0,0.0,0.0,0.0,0.0,0.0,0.0,0.0,0.0,1.0,0.0,2.0,0.0,0.0,0.0
S-0597#7:connection,S-0597,dataset/real_code/synthesized/generator_finally/generator_finally__socket_connect__ingest.py,real_code,synthesized,synth:generator_finally,val,0,0,,EC-GEN-02,7,connection,socket.create_connection,SOCKET,ingest_socket_connect,,SAFE,2.0,0.0,0.0,0.0,0.0,0.0,0.0,0.0,0.0,1.0,0.0,2.0,0.0,0.0,0.0
S-0598#7:connection,S-0598,dataset/real_code/synthesized/generator_finally/generator_finally__socket_connect__billing.py,real_code,synthesized,synth:generator_finally,val,0,0,,EC-GEN-02,7,connection,socket.create_connection,SOCKET,billing_socket_connect,,SAFE,2.0,0.0,0.0,0.0,0.0,0.0,0.0,0.0,0.0,1.0,0.0,2.0,0.0,0.0,0.0
S-0599#7:connection,S-0599,dataset/real_code/synthesized/generator_finally/generator_finally__http_conn__ingest.py,real_code,synthesized,synth:generator_finally,val,0,0,,EC-GEN-02,7,connection,http.client.HTTPSConnection,SOCKET,ingest_http_conn,,SAFE,2.0,0.0,0.0,0.0,0.0,0.0,0.0,0.0,0.0,1.0,0.0,2.0,0.0,0.0,0.0
S-0600#7:connection,S-0600,dataset/real_code/synthesized/generator_finally/generator_finally__http_conn__billing.py,real_code,synthesized,synth:generator_finally,val,0,0,,EC-GEN-02,7,connection,http.client.HTTPSConnection,SOCKET,billing_http_conn,,SAFE,2.0,0.0,0.0,0.0,0.0,0.0,0.0,0.0,0.0,1.0,0.0,2.0,0.0,0.0,0.0
S-0601#7:response,S-0601,dataset/real_code/synthesized/generator_finally/generator_finally__urlopen__ingest.py,real_code,synthesized,synth:generator_finally,val,0,0,,EC-GEN-02,7,response,urllib.request.urlopen,SOCKET,ingest_urlopen,,SAFE,2.0,0.0,0.0,0.0,0.0,0.0,0.0,0.0,0.0,1.0,0.0,2.0,0.0,0.0,0.0
S-0602#7:response,S-0602,dataset/real_code/synthesized/generator_finally/generator_finally__urlopen__billing.py,real_code,synthesized,synth:generator_finally,val,0,0,,EC-GEN-02,7,response,urllib.request.urlopen,SOCKET,billing_urlopen,,SAFE,2.0,0.0,0.0,0.0,0.0,0.0,0.0,0.0,0.0,1.0,0.0,2.0,0.0,0.0,0.0
S-0603#7:session,S-0603,dataset/real_code/synthesized/generator_finally/generator_finally__session__ingest.py,real_code,synthesized,synth:generator_finally,val,0,0,,EC-GEN-02,7,session,requests.Session,SESSION,ingest_session,,SAFE,1.5,0.0,0.0,0.0,0.0,0.0,0.0,0.0,0.0,1.0,0.0,1.5,0.0,0.0,0.0
S-0604#7:session,S-0604,dataset/real_code/synthesized/generator_finally/generator_finally__session__billing.py,real_code,synthesized,synth:generator_finally,val,0,0,,EC-GEN-02,7,session,requests.Session,SESSION,billing_session,,SAFE,1.5,0.0,0.0,0.0,0.0,0.0,0.0,0.0,0.0,1.0,0.0,1.5,0.0,0.0,0.0
S-0605#7:client,S-0605,dataset/real_code/synthesized/generator_finally/generator_finally__ftp__ingest.py,real_code,synthesized,synth:generator_finally,val,0,0,,EC-GEN-02,7,client,ftplib.FTP,SOCKET,ingest_ftp,,SAFE,2.0,0.0,0.0,0.0,0.0,0.0,0.0,0.0,0.0,1.0,0.0,2.0,0.0,0.0,0.0
S-0606#7:client,S-0606,dataset/real_code/synthesized/generator_finally/generator_finally__ftp__billing.py,real_code,synthesized,synth:generator_finally,val,0,0,,EC-GEN-02,7,client,ftplib.FTP,SOCKET,billing_ftp,,SAFE,2.0,0.0,0.0,0.0,0.0,0.0,0.0,0.0,0.0,1.0,0.0,2.0,0.0,0.0,0.0
S-0607#7:client,S-0607,dataset/real_code/synthesized/generator_finally/generator_finally__smtp__ingest.py,real_code,synthesized,synth:generator_finally,val,0,0,,EC-GEN-02,7,client,smtplib.SMTP,SOCKET,ingest_smtp,,SAFE,2.0,0.0,0.0,0.0,0.0,0.0,0.0,0.0,0.0,1.0,0.0,2.0,0.0,0.0,0.0
S-0608#7:client,S-0608,dataset/real_code/synthesized/generator_finally/generator_finally__smtp__billing.py,real_code,synthesized,synth:generator_finally,val,0,0,,EC-GEN-02,7,client,smtplib.SMTP,SOCKET,billing_smtp,,SAFE,2.0,0.0,0.0,0.0,0.0,0.0,0.0,0.0,0.0,1.0,0.0,2.0,0.0,0.0,0.0
S-0609#7:connection,S-0609,dataset/real_code/synthesized/generator_finally/generator_finally__sqlite__ingest.py,real_code,synthesized,synth:generator_finally,val,0,0,,EC-GEN-02,7,connection,sqlite3.connect,DB,ingest_sqlite,,SAFE,3.0,0.0,0.0,0.0,0.0,0.0,0.0,0.0,0.0,1.0,0.0,3.0,0.0,0.0,0.0
S-0610#7:connection,S-0610,dataset/real_code/synthesized/generator_finally/generator_finally__sqlite__billing.py,real_code,synthesized,synth:generator_finally,val,0,0,,EC-GEN-02,7,connection,sqlite3.connect,DB,billing_sqlite,,SAFE,3.0,0.0,0.0,0.0,0.0,0.0,0.0,0.0,0.0,1.0,0.0,3.0,0.0,0.0,0.0
S-0611#7:connection,S-0611,dataset/real_code/synthesized/generator_finally/generator_finally__postgres__ingest.py,real_code,synthesized,synth:generator_finally,val,0,0,,EC-GEN-02,7,connection,psycopg2.connect,DB,ingest_postgres,,SAFE,3.0,0.0,0.0,0.0,0.0,0.0,0.0,0.0,0.0,1.0,0.0,3.0,0.0,0.0,0.0
S-0612#7:connection,S-0612,dataset/real_code/synthesized/generator_finally/generator_finally__postgres__billing.py,real_code,synthesized,synth:generator_finally,val,0,0,,EC-GEN-02,7,connection,psycopg2.connect,DB,billing_postgres,,SAFE,3.0,0.0,0.0,0.0,0.0,0.0,0.0,0.0,0.0,1.0,0.0,3.0,0.0,0.0,0.0
S-0613#7:connection,S-0613,dataset/real_code/synthesized/generator_finally/generator_finally__mysql__ingest.py,real_code,synthesized,synth:generator_finally,val,0,0,,EC-GEN-02,7,connection,pymysql.connect,DB,ingest_mysql,,SAFE,3.0,0.0,0.0,0.0,0.0,0.0,0.0,0.0,0.0,1.0,0.0,3.0,0.0,0.0,0.0
S-0614#7:connection,S-0614,dataset/real_code/synthesized/generator_finally/generator_finally__mysql__billing.py,real_code,synthesized,synth:generator_finally,val,0,0,,EC-GEN-02,7,connection,pymysql.connect,DB,billing_mysql,,SAFE,3.0,0.0,0.0,0.0,0.0,0.0,0.0,0.0,0.0,1.0,0.0,3.0,0.0,0.0,0.0
S-0615#7:client,S-0615,dataset/real_code/synthesized/generator_finally/generator_finally__redis_client__ingest.py,real_code,synthesized,synth:generator_finally,val,0,0,,EC-GEN-02,7,client,redis.Redis,DB,ingest_redis_client,,SAFE,2.5,0.0,0.0,0.0,0.0,0.0,0.0,0.0,0.0,1.0,0.0,2.5,0.0,0.0,0.0
S-0616#7:client,S-0616,dataset/real_code/synthesized/generator_finally/generator_finally__redis_client__billing.py,real_code,synthesized,synth:generator_finally,val,0,0,,EC-GEN-02,7,client,redis.Redis,DB,billing_redis_client,,SAFE,2.5,0.0,0.0,0.0,0.0,0.0,0.0,0.0,0.0,1.0,0.0,2.5,0.0,0.0,0.0
S-0617#7:client,S-0617,dataset/real_code/synthesized/generator_finally/generator_finally__mongo__ingest.py,real_code,synthesized,synth:generator_finally,val,0,0,,EC-GEN-02,7,client,pymongo.MongoClient,DB,ingest_mongo,,SAFE,3.0,0.0,0.0,0.0,0.0,0.0,0.0,0.0,0.0,1.0,0.0,3.0,0.0,0.0,0.0
S-0618#7:client,S-0618,dataset/real_code/synthesized/generator_finally/generator_finally__mongo__billing.py,real_code,synthesized,synth:generator_finally,val,0,0,,EC-GEN-02,7,client,pymongo.MongoClient,DB,billing_mongo,,SAFE,3.0,0.0,0.0,0.0,0.0,0.0,0.0,0.0,0.0,1.0,0.0,3.0,0.0,0.0,0.0
S-0619#7:process,S-0619,dataset/real_code/synthesized/generator_finally/generator_finally__subprocess_popen__ingest.py,real_code,synthesized,synth:generator_finally,val,0,0,,EC-GEN-02,7,process,subprocess.Popen,PROCESS,ingest_subprocess_popen,,SAFE,2.5,0.0,0.0,0.0,0.0,0.0,0.0,0.0,0.0,1.0,0.0,2.5,0.0,0.0,0.0
S-0620#7:process,S-0620,dataset/real_code/synthesized/generator_finally/generator_finally__subprocess_popen__billing.py,real_code,synthesized,synth:generator_finally,val,0,0,,EC-GEN-02,7,process,subprocess.Popen,PROCESS,billing_subprocess_popen,,SAFE,2.5,0.0,0.0,0.0,0.0,0.0,0.0,0.0,0.0,1.0,0.0,2.5,0.0,0.0,0.0
S-0621#7:pool,S-0621,dataset/real_code/synthesized/generator_finally/generator_finally__process_pool__ingest.py,real_code,synthesized,synth:generator_finally,val,0,0,,EC-GEN-02,7,pool,multiprocessing.Pool,POOL,ingest_process_pool,,SAFE,2.5,0.0,0.0,0.0,0.0,0.0,0.0,0.0,0.0,0.0,0.0,2.5,0.0,0.0,0.0
S-0622#7:pool,S-0622,dataset/real_code/synthesized/generator_finally/generator_finally__process_pool__billing.py,real_code,synthesized,synth:generator_finally,val,0,0,,EC-GEN-02,7,pool,multiprocessing.Pool,POOL,billing_process_pool,,SAFE,2.5,0.0,0.0,0.0,0.0,0.0,0.0,0.0,0.0,0.0,0.0,2.5,0.0,0.0,0.0
S-0623#7:pool,S-0623,dataset/real_code/synthesized/generator_finally/generator_finally__thread_pool__ingest.py,real_code,synthesized,synth:generator_finally,val,0,0,,EC-GEN-02,7,pool,concurrent.futures.ThreadPoolExecutor,POOL,ingest_thread_pool,,SAFE,2.5,0.0,0.0,0.0,0.0,0.0,0.0,0.0,0.0,0.0,0.0,2.5,0.0,0.0,0.0
S-0624#7:pool,S-0624,dataset/real_code/synthesized/generator_finally/generator_finally__thread_pool__billing.py,real_code,synthesized,synth:generator_finally,val,0,0,,EC-GEN-02,7,pool,concurrent.futures.ThreadPoolExecutor,POOL,billing_thread_pool,,SAFE,2.5,0.0,0.0,0.0,0.0,0.0,0.0,0.0,0.0,0.0,0.0,2.5,0.0,0.0,0.0
S-0625#7:session,S-0625,dataset/real_code/synthesized/async_with/async_with__async_session__ingest.py,real_code,synthesized,synth:async_with,train,0,0,,EC-ASYNC-01,7,session,aiohttp.ClientSession,ASYNC_SESSION,ingest_async_session,,SAFE,2.4,0.0,0.0,0.0,0.0,0.0,0.0,0.0,0.0,1.0,0.0,2.0,0.0,1.0,0.0
S-0626#7:session,S-0626,dataset/real_code/synthesized/async_with/async_with__async_session__billing.py,real_code,synthesized,synth:async_with,train,0,0,,EC-ASYNC-01,7,session,aiohttp.ClientSession,ASYNC_SESSION,billing_async_session,,SAFE,2.4,0.0,0.0,0.0,0.0,0.0,0.0,0.0,0.0,1.0,0.0,2.0,0.0,1.0,0.0
S-0627#7:handle,S-0627,dataset/real_code/synthesized/async_with/async_with__async_file__ingest.py,real_code,synthesized,synth:async_with,train,0,0,,EC-ASYNC-01,7,handle,aiofiles.open,ASYNC_FILE,ingest_async_file,,SAFE,1.2,0.0,0.0,0.0,0.0,0.0,0.0,0.0,0.0,1.0,0.0,1.0,0.0,1.0,0.0
S-0628#7:handle,S-0628,dataset/real_code/synthesized/async_with/async_with__async_file__billing.py,real_code,synthesized,synth:async_with,train,0,0,,EC-ASYNC-01,7,handle,aiofiles.open,ASYNC_FILE,billing_async_file,,SAFE,1.2,0.0,0.0,0.0,0.0,0.0,0.0,0.0,0.0,1.0,0.0,1.0,0.0,1.0,0.0
S-0629#7:connection,S-0629,dataset/real_code/synthesized/async_with/async_with__async_pg__ingest.py,real_code,synthesized,synth:async_with,train,0,0,,EC-ASYNC-01,7,connection,asyncpg.connect,ASYNC_DB,ingest_async_pg,,SAFE,3.6,0.0,0.0,0.0,0.0,0.0,0.0,0.0,0.0,1.0,0.0,3.0,0.0,1.0,0.0
S-0630#7:connection,S-0630,dataset/real_code/synthesized/async_with/async_with__async_pg__billing.py,real_code,synthesized,synth:async_with,train,0,0,,EC-ASYNC-01,7,connection,asyncpg.connect,ASYNC_DB,billing_async_pg,,SAFE,3.6,0.0,0.0,0.0,0.0,0.0,0.0,0.0,0.0,1.0,0.0,3.0,0.0,1.0,0.0
S-0631#7:session,S-0631,dataset/real_code/synthesized/async_try_finally/async_try_finally__async_session__ingest.py,real_code,synthesized,synth:async_try_finally,train,0,0,,EC-ASYNC-03,7,session,aiohttp.ClientSession,ASYNC_SESSION,ingest_async_session,,SAFE,2.4,0.0,0.0,0.0,0.0,0.0,0.0,0.0,0.0,1.0,0.0,2.0,0.0,1.0,0.0
S-0632#7:session,S-0632,dataset/real_code/synthesized/async_try_finally/async_try_finally__async_session__billing.py,real_code,synthesized,synth:async_try_finally,train,0,0,,EC-ASYNC-03,7,session,aiohttp.ClientSession,ASYNC_SESSION,billing_async_session,,SAFE,2.4,0.0,0.0,0.0,0.0,0.0,0.0,0.0,0.0,1.0,0.0,2.0,0.0,1.0,0.0
S-0633#7:handle,S-0633,dataset/real_code/synthesized/async_try_finally/async_try_finally__async_file__ingest.py,real_code,synthesized,synth:async_try_finally,train,0,0,,EC-ASYNC-03,7,handle,aiofiles.open,ASYNC_FILE,ingest_async_file,,SAFE,1.2,0.0,0.0,0.0,0.0,0.0,0.0,0.0,0.0,1.0,0.0,1.0,0.0,1.0,0.0
S-0634#7:handle,S-0634,dataset/real_code/synthesized/async_try_finally/async_try_finally__async_file__billing.py,real_code,synthesized,synth:async_try_finally,train,0,0,,EC-ASYNC-03,7,handle,aiofiles.open,ASYNC_FILE,billing_async_file,,SAFE,1.2,0.0,0.0,0.0,0.0,0.0,0.0,0.0,0.0,1.0,0.0,1.0,0.0,1.0,0.0
S-0635#7:connection,S-0635,dataset/real_code/synthesized/async_try_finally/async_try_finally__async_pg__ingest.py,real_code,synthesized,synth:async_try_finally,train,0,0,,EC-ASYNC-03,7,connection,asyncpg.connect,ASYNC_DB,ingest_async_pg,,SAFE,3.6,0.0,0.0,0.0,0.0,0.0,0.0,0.0,0.0,1.0,0.0,3.0,0.0,1.0,0.0
S-0636#7:connection,S-0636,dataset/real_code/synthesized/async_try_finally/async_try_finally__async_pg__billing.py,real_code,synthesized,synth:async_try_finally,train,0,0,,EC-ASYNC-03,7,connection,asyncpg.connect,ASYNC_DB,billing_async_pg,,SAFE,3.6,0.0,0.0,0.0,0.0,0.0,0.0,0.0,0.0,1.0,0.0,3.0,0.0,1.0,0.0
S-0637#9:<temp@9:50>,S-0637,dataset/real_code/synthesized/async_exit_stack/async_exit_stack__async_session__ingest.py,real_code,synthesized,synth:async_exit_stack,train,0,0,,EC-ASYNC-02,9,<temp@9:50>,aiohttp.ClientSession,ASYNC_SESSION,ingest_async_session,,SAFE,2.4,0.0,0.0,0.0,0.0,0.0,0.0,0.0,0.0,1.0,0.0,2.0,0.0,1.0,0.0
S-0637#9:session,S-0637,dataset/real_code/synthesized/async_exit_stack/async_exit_stack__async_session__ingest.py,real_code,synthesized,synth:async_exit_stack,train,0,0,,EC-ASYNC-02,9,session,aiohttp.ClientSession,ASYNC_SESSION,ingest_async_session,,SAFE,2.4,0.0,0.0,0.0,0.0,0.0,0.0,0.0,0.0,1.0,0.0,2.0,0.0,1.0,0.0
S-0638#9:<temp@9:50>,S-0638,dataset/real_code/synthesized/async_exit_stack/async_exit_stack__async_session__billing.py,real_code,synthesized,synth:async_exit_stack,train,0,0,,EC-ASYNC-02,9,<temp@9:50>,aiohttp.ClientSession,ASYNC_SESSION,billing_async_session,,SAFE,2.4,0.0,0.0,0.0,0.0,0.0,0.0,0.0,0.0,1.0,0.0,2.0,0.0,1.0,0.0
S-0638#9:session,S-0638,dataset/real_code/synthesized/async_exit_stack/async_exit_stack__async_session__billing.py,real_code,synthesized,synth:async_exit_stack,train,0,0,,EC-ASYNC-02,9,session,aiohttp.ClientSession,ASYNC_SESSION,billing_async_session,,SAFE,2.4,0.0,0.0,0.0,0.0,0.0,0.0,0.0,0.0,1.0,0.0,2.0,0.0,1.0,0.0
S-0639#9:<temp@9:49>,S-0639,dataset/real_code/synthesized/async_exit_stack/async_exit_stack__async_file__ingest.py,real_code,synthesized,synth:async_exit_stack,train,0,0,,EC-ASYNC-02,9,<temp@9:49>,aiofiles.open,ASYNC_FILE,ingest_async_file,,SAFE,1.2,0.0,0.0,0.0,0.0,0.0,0.0,0.0,0.0,1.0,0.0,1.0,0.0,1.0,0.0
S-0639#9:handle,S-0639,dataset/real_code/synthesized/async_exit_stack/async_exit_stack__async_file__ingest.py,real_code,synthesized,synth:async_exit_stack,train,0,0,,EC-ASYNC-02,9,handle,aiofiles.open,ASYNC_FILE,ingest_async_file,,SAFE,1.2,0.0,0.0,0.0,0.0,0.0,0.0,0.0,0.0,1.0,0.0,1.0,0.0,1.0,0.0
S-0640#9:<temp@9:49>,S-0640,dataset/real_code/synthesized/async_exit_stack/async_exit_stack__async_file__billing.py,real_code,synthesized,synth:async_exit_stack,train,0,0,,EC-ASYNC-02,9,<temp@9:49>,aiofiles.open,ASYNC_FILE,billing_async_file,,SAFE,1.2,0.0,0.0,0.0,0.0,0.0,0.0,0.0,0.0,1.0,0.0,1.0,0.0,1.0,0.0
S-0640#9:handle,S-0640,dataset/real_code/synthesized/async_exit_stack/async_exit_stack__async_file__billing.py,real_code,synthesized,synth:async_exit_stack,train,0,0,,EC-ASYNC-02,9,handle,aiofiles.open,ASYNC_FILE,billing_async_file,,SAFE,1.2,0.0,0.0,0.0,0.0,0.0,0.0,0.0,0.0,1.0,0.0,1.0,0.0,1.0,0.0
